name,nationality,political_views,religion,notes,profession,description_original,odnb_link
"Abernethy, John (1680-1740)",,whig,Presbyterian ,,minister,"Presbyterian minister, whig",http://www.oxforddnb.com/view/article/48?docPos=3
"Acherley, Roger (1665-1740)",,whig,,,,Whig ,http://www.oxforddnb.com/view/article/57
"Addison, Joseph (1672-1719)",,whig,,,,Whig,http://www.oxforddnb.com/view/article/156?docPos=8
"Ailesbury, Charles Bruce (1682-1747)",,,,,,,
"Alexander, ",,,,,,,
"Almon, John (1737-1805)",,parliamentarian,,pro-Wilkes,,"Parliamentarian, pro-Wilkes",http://www.oxforddnb.com/view/article/419
"Ames, Joseph (1689-1759)",,,,,antiquary,antiquary,http://www.oxforddnb.com/view/article/439?docPos=3
"Anderson, James (1662-1728)",Scot,whig,Protestant,,,"Whig Protestant, Scot",http://www.oxforddnb.com/view/article/473?docPos=31
"Anderson, James (1680-1739)",,,,,,,
"Anderson, John (1667-1721)",,,,,,,
"Annet, Peter (1693-1769)",,,Deist,anti-Christian,,Anti-Christian Deist,http://www.oxforddnb.com/view/article/567
Anonymus Londinensis,,,,,,,
"Anstruther, William (NA-1711)",,royalist,,,,Royalist (or court whig? Perhaps),http://www.oxforddnb.com/view/article/589?docPos=5
"Arbuthnot, John (1667-1735)",,whig,,,satirist,Whig satirist,http://www.oxforddnb.com/view/article/610?docPos=9
"Aristotle, ",,,,,,,
"Arndt, Johann (1555-1621)",,,,,,,
"Ascham, Roger (1515-1568)",,royalist,,,,Royalist,http://www.oxforddnb.com/view/article/732?docPos=2
"Ashburnham, William (1710-1797)",,royalist,,,,Royalist,http://www.oxforddnb.com/view/article/739?docPos=2
"Ashmole, Elias (1617-1692)",,royalist,,,,Royalist,http://www.oxforddnb.com/view/article/764?docPos=2
"Astell, Mary (1668-1731)",,royalist,,,,Royalist,http://www.oxforddnb.com/view/article/814?docPos=2
"Atkyns, Robert (1647-1711)",,royalist,,,,Royalist,http://www.oxforddnb.com/view/article/867?docPos=8
Author Of The Duke Of Anjou's Succession Considered,,,,,,,
Author Of The History Of The Succession To Juliers And Berg,,,,,,,
Author Of The Index writer,,,,,,,
"Author Of The Letter To Sir T H, ",,,,,,,
Author Of The New Revelation,,,,,,,
Author Of The True Briton,,,,,,,
"Axford, John",,,,,,,
"Ayre, William",,,,,,,
"Ayres, Daniel",,,,,,,
"Bacon, Francis (1561-1626)",,parliamentarian,,,BACON,republican,
"Bacon, Matthew (1730-NA)",,,,,,,
"Baker, Henry (1698-1774)",,royalist,,important,,"Royalist, Chronicles big thing, only overtaken by Rapin",http://www.oxforddnb.com/view/article/1131?docPos=52
"Baker, Richard (1568-1645)",,whig,,,scientist,whig (populizer of science),http://www.oxforddnb.com/view/article/1120?docPos=26
"Baker, Walter",,,,,,,
"Baldwin, John (1748-1755)",,,,,,,
"Ball, John (1704-1779)",,,,,,,
"Ballard, George (1706-1755)",,,,,antiquary,antiquary,http://www.oxforddnb.com/view/article/1235?docPos=3
"Bancks, John (1709-1751)",,parliamentarian,,pro-Cromwell,,Cromwell sympathizer (IMPORTANT!!),http://www.oxforddnb.com/view/article/1298
"Barne, Miles (NA-1709)",,,,,,,
"Baron, Richard (1720-1768)",,whig,,pro-Walpole,,"Court whig, studied in Glasgow",http://www.oxforddnb.com/view/article/1497?docPos=9
"Barrington, John Shute (1678-1734)",Scot,whig,,,,Whig politician in Scotland,http://www.oxforddnb.com/view/article/1531?docPos=8
Barrister Of The Middle Temple,,,,,,,
"Barrow, Isaac (1630-1677)",,royalist,,,,Royalist,http://www.oxforddnb.com/view/article/1541?docPos=10
"Barrow, John",,,,,,,
"Baxter, Andrew (1686-1750)",,parliamentarian,puritan,,,"Puritan. Richard Baxter took ""Minutes of Pro- ceedings and Events, as they occurred,"" which provided the foundation for the Reliquiae Baxterianae ",http://www.oxforddnb.com/view/article/1734?docPos=1
"Baxter, Richard (1615-1691)",,,,Supposedly connected to Hume,,Supposedly connected to Hume,http://www.oxforddnb.com/view/article/1728
"Bayle, Pierre (1647-1706)",,,freethinker,,,freethinker,
"Bayly, Thomas (NA-1657)",,royalist,catholic sympathiser,,,Royalist (Catholic sympatiser),http://www.oxforddnb.com/view/article/1767?docPos=13
"Bearcroft, Philip (1697-1761)",,,church of england,,antiquary,antiquary and Church of England,http://www.oxforddnb.com/view/article/1814
"Beawes, Wyndham",,,,,,,
"Belhaven, John Hamilton (1656-1708)",Scot,whig,,,,Scot whig,http://www.oxforddnb.com/view/article/12107?docPos=2
"Bennet, Benjamin (1674-1726)",,whig,,Charles I controversy,,Whig? Controversy over his account of civil war and Charles I,http://www.oxforddnb.com/view/article/2100?docPos=4
"Benson, William (1682-1754)",,whig,,,,whig,http://www.oxforddnb.com/view/article/2147?docPos=28
"Berkeley, George (1685-1753)",,,,,,,http://www.oxforddnb.com/view/article/2211?docPos=9
"Bermingham, Edward",,,,,,,
"Besse, Joseph (1683-1757)",,,quaker,,historian,Quaker historian,http://www.oxforddnb.com/view/article/2286?docPos=2
"Billers, Joseph",,,,,,,
"Bindon, David (NA-1760)",,,,,,,
"Birch, Thomas (1755-1766)",,,,bayle translation,historian,Bayle translator and historian,http://www.oxforddnb.com/view/article/2436?docPos=3
"Bisching, Anton Friedrich",,,,,,,
"Blackstone, William (1723-1780)",,tory,,Commentaries,legal author,"Lawyer, Commentaries, tory?",http://www.oxforddnb.com/view/article/2536?docPos=3
"Blackwall, Anthony (1674-1730)",,,,,classical author,Classical scholar,http://www.oxforddnb.com/view/article/2537?docPos=1
"Blanch, John (1649-1650)",,,,,,,
"Blenman, Jonathan (1710-1717)",,,,,,,
"Blennerhassett, William",,,,,,,
"Blunt, John (1665-1733)",,whig,,South sea,,founder of south sea,http://www.oxforddnb.com/view/article/47076?docPos=20
"Bohun, William",,,,,,,
"Boisguillebert, Pierre Le Pesant (1646-1714)",,,,,,,
"Bolingbroke, Henry St John (1678-1751)",,tory,,anti-Walpole,,Opposition and tory convert,http://www.oxforddnb.com/view/article/24496?docPos=4
"Bonar, John (1722-1761)",Scot,whig,,,minister,"Scot, minister (whig)",http://www.oxforddnb.com/view/article/2816?docPos=6
"Boote, Richard (NA-1782)",,,,,,,
"Borlase, William (1695-1772)",,,,,antiquary,antiquary,http://www.oxforddnb.com/view/article/2910?docPos=5
"Bossuet, Jacques Bénigne (1627-1704)",,,,,,,
"Boswell, John (1698-1757)",,tory,high-church,,,"tory, high-churchman",http://www.oxforddnb.com/view/article/2952?docPos=9
"Bourne, Henry (1696-1733)",,,,,antiquary,antiquary,http://www.oxforddnb.com/view/article/3004?docPos=8
"Boyd, Hugh (1746-1794)",,,,"Junius, Public Advertiser",,"Junius, Public Advertiser",http://www.oxforddnb.com/view/article/3105?docPos=15
"Boyer, Abel (1667-1729)",,whig,,,,Hannoverian whig,http://www.oxforddnb.com/view/article/3122?docPos=3
"Bradbury, Thomas (1677-1759)",,whig,,,,Hannoverian whig,http://www.oxforddnb.com/view/article/3169?docPos=7
"Bradley, Richard (1688-1732)",,,,,author,writer,http://www.oxforddnb.com/view/article/3189?docPos=15
"Bradshaw, James (NA-1746)",,,,,,,
"Brett, Peter (1748-NA)",,,,,,,
Britannus,,,,,,,
"Brockman, William (1658-1741)",,,,,,,
"Broderick, Thomas",,,,,,,
"Brodrick, Thomas",,,,,,,
"Broughton, Thomas (1704-1774)",,tory,high-church,,,"tory, high-churchman",http://www.oxforddnb.com/view/article/3589?docPos=11
"Browne, Anthony (1510-1567)",,,,pro-Mary Stuart,,Mary Stuart supporter,http://www.oxforddnb.com/view/article/3666?docPos=14
"Browne, Thomas (1654-1741)",,,,,,,
"Brydall, John (1635-NA)",,royalist,,,,Royalist,http://www.oxforddnb.com/view/article/3800
"Buckingham, George Villiers (1628-1687)",,royalist,,,,,http://www.oxforddnb.com/view/article/28294?docPos=3
"Buckingham, John Sheffield (1648-NA)",,,,,,,
"Budgell, Eustace (1686-1737)",,royalist,,Royalist who turned to parliament after Charles I execution,,Royalist who turned to parliament after Charles I execution,http://www.oxforddnb.com/view/article/28294?docPos=18
"Bugg, Francis (1640-1724)",,,quaker,,,Quaker / anti-Quaker,http://www.oxforddnb.com/view/article/3890?docPos=1
"Bulkley, Charles (1719-1797)",,,presbyterian,,minister,Presbyterian minister,http://www.oxforddnb.com/view/article/3900?docPos=4
"Bullingbrooke, Edward",,,,,,,
"Bulstrode, Richard (1610-1711)",,royalist,,,,Royalist,
"Bunch, ",,,,,,,http://www.oxforddnb.com/view/article/3930?docPos=3
"Burchett, Josiah (1666-1746)",,whig,,,naval officer,"court whig, naval officer",http://www.oxforddnb.com/view/article/3955?docPos=2
"Burke, Gerald",,,,,officer,officer in India,http://www.oxforddnb.com/view/article/4030?docPos=19
"Burke, William (1730-1798)",,,,,,,
"Burn, Richard (1709-1785)",,,,,legal author,Jurisprudential author,http://www.oxforddnb.com/view/article/4043?docPos=10
"Burnet, Gilbert (1643-1715)",,whig,,"anti-James I, popular",,"Whig, unfavourable of James I, very popular",http://www.oxforddnb.com/view/article/4061?docPos=4
"Butler, Samuel (1612-1680)",,,anglican,,poet,"Poet, Anglican",http://www.oxforddnb.com/view/article/4204?docPos=78
"C, ",,,,,,,
"Calamy, Edmund (1671-1732)",,,Prebyterian,nonconformist,,"Prebyterian, nonconformist",http://www.oxforddnb.com/view/article/4357?docPos=4
"Calder, Robert (1658-1723)",Scot,tory,episcopalian,anti-presbyterian,,"Scot, episcopalian, anti-presbyterian",http://www.oxforddnb.com/view/article/4369?docPos=7
"Calmet, Augustin (1672-1757)",,,,,,,
"Camden, William (1551-1623)",,royalist,,,,Royalist,http://www.oxforddnb.com/view/article/4431?docPos=2
"Campbell, John (NA-1775)",Scot,,,,historian,Scot historian,http://www.oxforddnb.com/view/article/4514?docPos=13
"Campbell, Robert",,,,,,,
"Cantillon, Richard (NA-1734)",,,,,economist,economist (interesting that he is here!),http://www.oxforddnb.com/view/article/4575
"Care, Henry (1646-1688)",,royalist,,pro-James I,,"Polemist, defender of James I",http://www.oxforddnb.com/view/article/4621
"Carte, Thomas (1686-1754)",,jacobite,,,,Tory and Jacobite,http://www.oxforddnb.com/view/article/4780
"Carteret, John (1690-1763)",,royalist,,anti-Walpole,,"Royalist tory, anti-Walpole",http://www.oxforddnb.com/view/article/4804?docPos=3
"Cary, John (1754-1720)",,,,economic minded,author,economically minded author,http://www.oxforddnb.com/view/article/4840?docPos=3
Cato Brutus,,,,,,,
"Catrou, François (1659-1737)",,,,,,,
"Cavendish, George (1500-1561)",,royalist,,,,royalist,http://www.oxforddnb.com/view/article/4933?docPos=9
"Chamberlen, Paul (1635-1717)",,,,,quack doctor,quack doctor,http://www.oxforddnb.com/view/article/58754/5064?docPos=7
"Chambers, Ephraim (1680-1740)",,,freethinker,,encyclopeadist,Freethinking encyclopeadist,http://www.oxforddnb.com/view/article/5070?docPos=10
"Chandler, Samuel (1693-1766)",Scot,,dissenter,,,"Dissenter, Scot",http://www.oxforddnb.com/view/article/5109?docPos=16
"Charles,  (1600-1649)",,royalist,,Charles I,monarch,,http://www.oxforddnb.com/view/article/5143?docPos=1
"Churchill, James (1762-NA)",,,,,,,
Citizen And Native Of London,,,,,,,
"Clancy, Michael (1700-1750)",,,,playwright,physician,Physician and playwright,http://www.oxforddnb.com/view/article/46671
"Clare, M (NA-1751)",,,,,,,
"Clarendon, Edward Hyde (1609-1674)",,royalist,,,,Royalist,http://www.oxforddnb.com/view/article/14328?docPos=2
"Clarke, Laurence",,,,,,,
"Cleaveland, Ezra",,,,,,,
Clergyman Of The Church Of England,,,,,,,
"Cockburn, Patrick (1678-1749)",Scot,whig,episcopalian,,,"Scot, Episcopalian, whig",http://www.oxforddnb.com/view/article/5775?docPos=15
"Cockson, Edward",,,,,,,
"Coke, Roger (1696-NA)",,tory,,,,"Are the years correct?? (MT) Prob. not, but keep them to match data (VV)",http://www.oxforddnb.com/view/article/5829
"Coleman, Edward (1765-1678)",,parliamentarian,catholic,anti-Charles II,,"Catholic, plotting against Charles II",http://www.oxforddnb.com/view/article/5871?docPos=2
"Colliber, Samuel",,,freethinker,,naval historian,"Naval historian, free thinker",http://www.oxforddnb.com/view/article/5912
"Collier, Jeremy (1650-1726)",,,nonjuror,anti-theare,polemist,"anti-theatre polemist, non-jurer",http://www.oxforddnb.com/view/article/5917
"Collins, Arthur (1682-1760)",,whig,,,antiquary,"genealogist, whig",http://www.oxforddnb.com/view/article/5934?docPos=1
"Colson, Nathaniel (1674-NA)",,,,,,,
"Coningsby, Thomas (1656-1729)",,whig,,,,Shaftesburyan whig,http://www.oxforddnb.com/view/article/6076?docPos=5
"Copeland, John",,,,,,,
"Cornell, William",,,,,,,
"Cornwallis, Frederick (1713-1783)",,whig,church of England,,archbishop,"Archbishop, whig",http://www.oxforddnb.com/view/article/6340?docPos=8
"Cosin, John (1594-1672)",,royalist,church of England,anti-calvinist,bishop,"royalist, anti-calvinist bishop",http://www.oxforddnb.com/view/article/6372?docPos=2
"Cotton, John (1679-1731)",,,,,,,http://www.oxforddnb.com/view/article/6425/6418?docPos=20
"Courteville, Raphael (1687-1772)",,whig,,pro-Walpole,,Walpolean whig,http://www.oxforddnb.com/view/article/6460/71227?docPos=2
"Covert, Nicholas",,,,,,,
"Cowley, Abraham (1618-1667)",,royalist,,,,royalist,http://www.oxforddnb.com/view/article/6499?docPos=1
"Cox, Richard (1702-1766)",,whig,,,clergyman,"whig, historian, clergyman",http://www.oxforddnb.com/view/article/6530?docPos=1
"Cox, Thomas (1655-1734)",Irish,,,,,Irish,http://www.oxforddnb.com/view/article/6527/46407?docPos=3
"Craig, Thomas (1538-1608)",Scot,,,union debate,lawyer,"Scot, lawyer, union debate",http://www.oxforddnb.com/view/article/6580?docPos=2
"Craighead, William",,,,,,,
"Crawford, George (1710-NA)",,,,,,,
"Crawfurd, George (1681-1748)",Scot,,,,genealogist,"Scot, genealogist",http://www.oxforddnb.com/view/article/6650?docPos=2
"Cressett, Edward (NA-1755)",,,,,,,
"Crookshank, William (1712-1769)",,,,,,,
"Crookshanks, John (1708-1795)",,,,,naval officer,naval officer,http://www.oxforddnb.com/view/article/6778?docPos=1
"Crosby, Thomas (1665-1768)",,,baptist,,historian,Baptist historian,http://www.oxforddnb.com/view/article/6786?docPos=7
"Crossman, Samuel (1624-1684)",,,Church of England,bristol,clergyman,"Church of England clergyman, bristol",http://www.oxforddnb.com/view/article/6809
"Crouch, Henry (NA-1732)",,,,,bookseller,"successful bookseller, historian, writer",http://www.oxforddnb.com/view/article/52645
"Crouch, Nathaniel (1632-1752)",,,,,,,
"Crull, J (NA-1713)",,royalist,conformer,,,comforming royalist,http://www.oxforddnb.com/view/article/6848
"Cunningham, T (NA-1789)",,,,,antiquary,barrister antiquary,http://www.oxforddnb.com/view/article/6934?docPos=48
"Currie, John (1679-1765)",,,,,,,
"Curzon, H",,,,,,,
"D'anvers, Caleb",,whig,,"Amhurst, Nicholas",satirist,"Amhurst, Nicholas (real name), whig satirist",http://www.oxforddnb.com/view/article/446?docPos=1
"D'anvers, Knightley (NA-1740)",,,,,,,
"Dalton, Michael (NA-1648)",,,,,legal historian,legal historian,http://www.oxforddnb.com/view/article/7067
"Daniel, Gabriel (1649-1728)",,,,,,,
"Davenant, Charles (1656-1714)",,tory,,anti-Scot,poltiical economist,"tory, political economist, Critising Scots on different occasions",http://www.oxforddnb.com/view/article/7195
"Davies, John (1569-1626)",,royalist,,,,Royalist,http://www.oxforddnb.com/view/article/7245?docPos=3
"Davies, Myles (1662-1716)",,royalist,,anti-catholic,bibliographer,"anti-catholic, bibligrapher, royalist",http://www.oxforddnb.com/view/article/7253
"Davies, Samuel (1723-1761)",,,presbyterian,America,,"Presbyterian, moved to America",http://www.oxforddnb.com/view/article/68531?docPos=1
"De Coetlogon, Dennis (NA-1749)",,,,Universal Dictionary of Arts and Sciences (1740),,Universal Dictionary of Arts and Sciences (1740),http://www.oxforddnb.com/view/article/5803
"De Laune, Thomas (NA-1685)",,,,,,,
"Defoe, Daniel (1661-1731)",,unionist,,pro-union,author,"writer, unionist (whig and tory)",http://www.oxforddnb.com/view/article/7421?docPos=1
"Degge, Simon (1612-1704)",,,,,judge,judge,http://www.oxforddnb.com/view/article/7423?docPos=1
"Dilworth, Thomas (NA-1780)",,,,,,,
"Disney, Daniel (1767-NA)",,,,,,,
"Dodd, Charles (1672-1743)",,royalist,Catholic,,historian,"Roman catholic historian, royalist",http://www.oxforddnb.com/view/article/7733?docPos=7
"Donaldson, Alexander (NA-1794)",Scot,,,Hume publisher,bookseller,"Bookseller, Scot, Hume publisher",http://www.oxforddnb.com/view/article/64278?docPos=1
"Donne, Benjamin (1729-1798)",,,,bristol,cartographer,"cartographer, Bristol",http://www.oxforddnb.com/view/article/7815?docPos=1
"Douglas, John (1721-1807)",Scot,,,dispute with Hume on miracles,,"Scot, dispute with Hume on miracles",http://www.oxforddnb.com/view/article/7908?docPos=3
"Downes, Samuel (NA-1723)",,,,,,,
"Drake, Francis (1696-1771)",,jacobite,,,antiquary,"Jacobite, Antiquary",http://www.oxforddnb.com/view/article/8023?docPos=8
"Draycott, Jeremy",,,,,,,
"Drummond, Robert Hay (1711-1776)",,tory,,,archbishop,"archbishop, tory",http://www.oxforddnb.com/view/article/8081?docPos=39
"Drummond, William (1585-1649)",Scot,,anti-presbyterian,anti-clerical,,"Scot, anti-clerical, anti-presbyterian, interesting",http://www.oxforddnb.com/view/article/8085?docPos=44
"Dryden, John (1631-1700)",,,,anti-catholic,poet,anti-catholic poet,http://www.oxforddnb.com/view/article/8108?docPos=1
"Duff, William (1721-1750)",Scot,,,anti-buchanite,,"Scot, anti-Buchananite critique of the overambitious medieval nobility and sympathising with the troubled Scottish ",
"Dugdale, William (1605-1686)",,royalist,,,,ROYALIST; Short View is based partly on a record of events kept by Dug- dale at Oxford during the war ,http://www.oxforddnb.com/view/article/8186?docPos=1
"Dumont, Jean (1667-1727)",,,,,,,
"Duncombe, Giles",,,,,,,
"Dunton, John (1659-1733)",,whig,,,bookseller,"whig, bookseller",http://www.oxforddnb.com/view/article/8299?docPos=1
"Dyche, Thomas (NA-1733)",,,,,,,
"Earbery, Matthias (1690-1740)",,tory,,nonjuror,,nonjuring tory,http://www.oxforddnb.com/view/article/37383?docPos=1
"Echard, Laurence (1670-1730)",,whig,,leading whig,,"leading English Whig, very much",http://www.oxforddnb.com/view/article/8442
"Edwards, Jonathan (1703-1758)",American,,calvinist,,thelogian,"American theologisan, calvinist, philosopher",http://www.oxforddnb.com/view/article/48853?docPos=2
"Egmont, John Perceval (1711-1770)",,,,disliked,politician,disliked politician,http://www.oxforddnb.com/view/article/21912?docPos=2
"Elliot, Richard (NA-1788)",,,,,,,
"Ellwood, Thomas (1639-1713)",,,quaker,,,Quaker,http://www.oxforddnb.com/view/article/8726
"Ellys, Anthony (1690-1761)",,whig,,moderate,bishop,"bishop, moderate whig",http://www.oxforddnb.com/view/article/8727?docPos=1
Englishman,,,,,,,
"Erskine, Ebenezer (1680-1754)",Scot,whig,seccession church,anti-jacobite,,"Scot, whig, anti-Jacobite, founder of Seccession church",http://www.oxforddnb.com/view/article/8853?docPos=11
"Erskine, John (1721-1803)",Scot,whig,seccession church,,,"Scot, whig, anti-Jacobite, part of Seccssion church",http://www.oxforddnb.com/view/article/8871?docPos=34
"Erskine, Ralph (1685-1752)",Scot,,church of England,,,"Scot, religious orthodoxy",http://www.oxforddnb.com/view/article/8870?docPos=30
"Euclid, ",,,,,,,
"Evans, Theophilus (1693-1767)",,tory,church of England,,,"Church of England, tory",http://www.oxforddnb.com/view/article/8980?docPos=107
"Fearon, Jane (1654-1737)",,,,,,,
"Fell, John (1625-1686)",,royalist,,,bishop,"bishop, royalist",http://www.oxforddnb.com/view/article/9257?docPos=4
"Fenning, Daniel",,,,,textbook author,textbook writer,http://www.oxforddnb.com/view/article/69580?docPos=1
"Ferguson, Robert (1714-1714)",Scot,whig,dissenter,radical,,"Scot, whig dissenter, radical",http://www.oxforddnb.com/view/article/9325?docPos=1
"Fiddes, Richard (1671-1725)",,tory,Church of England,pro-jacobite,,"Churc of England, tory, semi-Jacobite",http://www.oxforddnb.com/view/article/9380
"Fielding, Henry (1707-1754)",,tory,,anti-Walpole,,"anti-Walpole, whig/tory?",http://www.oxforddnb.com/view/article/9400?docPos=1
"Fiennes, Nathaniel (1607-1669)",,parliamentarian,,,,Parliamentarian,http://www.oxforddnb.com/view/article/9413?docPos=6
"Finley, Samuel (1715-1766)",,,,,,,
"Fisher, George",,,,,,,
"Fitzneale, Richard (1130-1198)",,,,,,,
"Flatman, Thomas (1637-1688)",,whig,,pro-government,,"whig, pro-government",http://www.oxforddnb.com/view/article/9675?docPos=2
"Flavel, John (1630-1691)",,,presbyterian,,author,Presbuterian author,http://www.oxforddnb.com/view/article/9678?docPos=2
"Fleming, Caleb (1698-1779)",,whig,dissenter,commonwealth whig,,dissenting commonwealth-whig,http://www.oxforddnb.com/view/article/9695?docPos=10
"Fleury, Claude (1640-1723)",,,,,,,
"Flloyd, Thomas",,,,,,,
"Fordun, John (NA-1384)",Scot,,,,chronicler,"Scot, chronicler",http://www.oxforddnb.com/view/article/9875?docPos=1
"Forster, Samuel",,,,,,,
"Fortescue, John (1394-1476)",,,,,constitutional lawyer,consitutional law,http://www.oxforddnb.com/view/article/9944?docPos=15
"Fothergill, George (1705-1760)",,royalist,,,,Royalist,http://www.oxforddnb.com/view/article/9977?docPos=4
"Fowle, Daniel (1715-1787)",,,,,,,
"Foxe, John (1516-1587)",,,,radical,reformer,"Acts and monuments, radical reformer",http://www.oxforddnb.com/view/article/10050?docPos=6
"Francis, John (1700-1749)",,,,,,,
"Gale, John (1680-1721)",,,baptist,,preacher,Baptist preacher,http://www.oxforddnb.com/view/article/10292?docPos=1
"Gandy, Henry (1649-1734)",,royalist,church of England,nonjuror,,"royalist, nonjuring Church of England, divine right",http://www.oxforddnb.com/view/article/10333
"Garden, George (1649-1733)",Scot,jacobite,episcopalian,,,"Scot, Jacobite, episcopalian",http://www.oxforddnb.com/view/article/10351?docPos=6
"Gardner, Thomas (1668-1769)",,,,,antiquary,antiquary,http://www.oxforddnb.com/view/article/10375?docPos=23
"Gast, John (1716-1788)",,,,,,,
"Gastrell, Francis (1662-1725)",,tory,,,,"tory, perhaps Jacobite",http://www.oxforddnb.com/view/article/10442
"Gauden, John (1605-1662)",,,,mixed views,politician,"politician, mixed views",http://www.oxforddnb.com/view/article/10456?docPos=1
"Gay, John (1685-1732)",,tory,,,poet,"Tory, poet",http://www.oxforddnb.com/view/article/10473?docPos=1
"Gent, Thomas (1693-1778)",,,,,printer,printer,http://www.oxforddnb.com/view/article/10519?docPos=3
Gentleman At Durham,,,,,,,
Gentleman Late Of The Temple,,,,,,,
Gentleman Of Oxford,,,,,,,
Gentleman Of The Middle Temple,,,,,,,
"Gibbon, Edward (1737-1794)",,tory,,,politician,tory politician,http://www.oxforddnb.com/view/article/10589?docPos=6
"Gibson, Edmund (1669-1748)",,,,,,,
"Gilbert, Geoffrey (1674-1726)",,tory,church of England,,archbishop,"archbishop, tory",http://www.oxforddnb.com/view/article/10692?docPos=32
"Gilbert, John (1693-1761)",,whig,,,legal author,"whig, juridical writer",http://www.oxforddnb.com/view/article/10688?docPos=29
"Gildon, Charles (1665-1724)",,whig,,,author,"writer, whig",http://www.oxforddnb.com/view/article/10720?docPos=1
"Gonson, John (NA-1765)",,,,,prosectutor,prosecutor,http://www.oxforddnb.com/view/article/96892?docPos=2
"Gordon, Delahay",,whig,,pro-Walpole,,Independent whig / court whig,http://www.oxforddnb.com/view/article/11083?docPos=117
"Gordon, George",,,,,,,
"Gordon, Thomas (NA-1750)",,,,,,,
"Gordon, W (NA-1794)",,,,,,,
"Gordon, William",,,,,,,
"Granville, Charles",,,,,,,
"Green, George Smith (NA-1762)",,,,,author,writer,http://www.oxforddnb.com/view/article/11382?docPos=3
"Greenwood, William",,,,,,,
"Grey, Richard (1694-1771)",,royalist,high-church,,,high-churchman royalist,http://www.oxforddnb.com/view/article/11558?docPos=67
"Grey, Zachary (1688-1766)",,royalist,church of England,anti-dissenter,,"royalist, anti-dissent, Church of England",http://www.oxforddnb.com/view/article/11573?docPos=84
"Griffith, John (1622-1700)",,parliamentarian,baptist,,,"Baptist, parliamentarian",http://www.oxforddnb.com/view/article/11599?docPos=18
"Grove, Joseph (NA-1764)",,,,,biographer,biographer,http://www.oxforddnb.com/view/article/11682?docPos=10
"Gurdon, Thornhagh (1663-1733)",,,,,antiquary,antiquary,http://www.oxforddnb.com/view/article/11757?docPos=4
"Guthrie, William (1708-1770)",Scot,,,influence on Hume,historian,"Scot, Historian, note the title of his work!",http://www.oxforddnb.com/view/article/11792?docPos=21
"Guyon, ",,,,,,,
"Hacket, John (1592-1670)",,royalist,,,,"Royalist (comes after Hobbes in the book, plays a big role) pre-restoration",http://www.oxforddnb.com/view/article/11837?docPos=1
"Hale, Thomas (1763-NA)",,,,,,,
"Hall, John (NA-1707)",,,church of England,,,Church of England,http://www.oxforddnb.com/view/article/11970?docPos=6
"Hamilton, Anthony (1645-1719)",,royalist,,,,royalist,http://www.oxforddnb.com/view/article/12048?docPos=23
"Hamilton, Thomas (1753-NA)",,,,,,,
"Hammond, Samuel (1794-1665)",,,,anti-quaker,clergyman,"clergyman, anti-quaker",http://www.oxforddnb.com/view/article/12162?docPos=17
"Hampden, John (1594-1643)",,parliamentarian,,,,Parliamentarian,http://www.oxforddnb.com/view/article/12169?docPos=1
"Hampden, John (1656-1696)",,whig,,country whig,,country whig,http://www.oxforddnb.com/view/article/12170?docPos=2
"Hanway, Jonas (1712-1786)",,,,,merchant,merchant,http://www.oxforddnb.com/view/article/12230?docPos=1
"Harbin, George",,,,nonjuror,,nonjuror,http://www.oxforddnb.com/view/article/12231
"Hare, Francis (1671-1740)",,royalist,,pro-Charles I,,royal leanings (praising Charles I),http://www.oxforddnb.com/view/article/12298?docPos=1
"Harley, Edward (1664-1735)",,whig,presbyterian,,,Presbuterian whig,http://www.oxforddnb.com/view/article/12336?docPos=2
"Harper, Thomas (NA-1788)",,,,,,,
"Harris, Benjamin (NA-1716)",,whig,,,scientist,whig scientist,http://www.oxforddnb.com/view/article/12397?docPos=3
"Harris, John (1667-1719)",Irish,,,,historian,Irish historian,http://www.oxforddnb.com/view/article/12423?docPos=2
"Harris, Walter (1686-1761)",,,dissenter,,,dissenter ,http://www.oxforddnb.com/view/article/12425?docPos=3
"Harris, William (1675-1740)",,,,noncomformist,,Noncomformist background,http://www.oxforddnb.com/view/article/12426?docPos=4
"Harris, William (1720-1770)",,,,,,,
"Harrison, Conyers",,,,,,,
"Harrison, Joseph (1734-1779)",,,,,,,
"Harrison, William (1702-1704)",,,,,,,
"Hart, Cheney (1726-1784)",,,,,,,
"Hatton, Edward (1664-NA)",,,,,,,
"Hawarden, Edward (1662-1735)",,,catholic,,priest,Catholic priest,http://www.oxforddnb.com/view/article/12641?docPos=2
"Hawkins, William (1673-1746)",,,,,,,
"Hawles, John (1645-1716)",,whig,,,,whig,http://www.oxforddnb.com/view/article/12694
"Hay, Richard (1661-NA)",Scot,,,,antiquary,"Scot, antiquary",http://www.oxforddnb.com/view/article/12735
"Hayes, Richard",,,,,,,
"Hayter, Thomas (1702-1762)",,whig,,,bishop,"whig, bishop",http://www.oxforddnb.com/view/article/12789?docPos=9
"Haywood, Eliza Fowler (1693-1756)",,whig,,,,whig,http://www.oxforddnb.com/view/article/12798?docPos=1
"Henley, John (1692-1756)",,whig,dissenter,,,dissenting whig,http://www.oxforddnb.com/view/article/12928?docPos=5
"Henry,  (1491-1547)",,royalist,anti-catholic,,monarch,Henry VIII,http://www.oxforddnb.com/view/article/12955?docPos=1
"Herbert Of Cherbury, Edward (1583-1648)",,,,multitalent,,multitalent,http://www.oxforddnb.com/view/article/13020?docPos=1
"Heylyn, Peter (1600-1662)",,royalist,,important,,"Royalist, key-player (main character in MacGillvray",http://www.oxforddnb.com/view/article/13171?docPos=2
"Hickeringill, Edmund (1631-1708)",,,church of England,,,Church of England,http://www.oxforddnb.com/view/article/13200
"Higgons, Bevill (1670-1735)",,jacobite,,,,Jacobite,http://www.oxforddnb.com/view/article/13240?docPos=1
"Hill, John",,,,,,,
"Hingeston, Henry",,,,,,,
"Hobbes, Thomas (1588-1679)",,royalist,,,,Royalist,http://www.oxforddnb.com/view/article/13400?docPos=3
"Hole, Matthew (1639-1730)",,,church of England,,,Church of England,http://www.oxforddnb.com/view/article/13501
"Home, Francis (1719-1813)",Scot,,,,physician,Scot physician,http://www.oxforddnb.com/view/article/13640
"Hooke, Andrew (NA-1753)",,jacobite,catholic,,,"Roman Catholic, Jacobite",http://www.oxforddnb.com/view/article/13692?docPos=6
"Hooke, N (1690-1763)",,,,,,,
"Hooper, Jacob",,,,,,,
"Horace, ",,,,,,,
"Hornby, Charles (NA-1739)",,tory,,,author,tory author,http://www.oxforddnb.com/view/article/105383?docPos=4
"Horne, George (1730-1792)",,,high-church,anti-Hume,,high-churchman Hume antagonist,http://www.oxforddnb.com/view/article/13789?docPos=5
"Horsey, John (NA-1777)",,,,,,,
"Horsley, William (1701-1776)",,,,,,,
"Hort, Josiah (1674-1751)",Ireland,,Church of Ireland,,,Church of Ireland,http://www.oxforddnb.com/view/article/13825?docPos=2
"Houghton, John (1640-1705)",,,,,pharmacist,pharmacist and author,http://www.oxforddnb.com/view/article/13868?docPos=9
"Howard, Gorges Edmond (1715-1786)",,,,pro-Ireland,uthor,writer and improvement of Ireland,http://www.oxforddnb.com/view/article/13903?docPos=57
"Howe, John (1630-1705)",,,,,,,
"Howell, William (1631-1683)",,parliamentarian,presbyterian,,,presbyterian parliamentarian,http://www.oxforddnb.com/view/article/13956?docPos=2
"Hudson, Peter",,,,,,,
"Hume, John (1703-1782)",,,,,,,
"Humfrey, John (1621-1719)",,royalist,,,,royalist,http://www.oxforddnb.com/view/article/14153?docPos=2
"Hurd, Richard (1720-1808)",,,Church of England,,bishop,anglican bishop,http://www.oxforddnb.com/view/article/14249
Impartial Hand,,whig,,,,,
"J, ",,,,,,,
"J,  (1680-1702)",,,,,,,
"Jackson, Edward (1692-1758)",,,,,,,
"Jacob, Giles (1686-1744)",,,,,legal author,legal and literary author,http://www.oxforddnb.com/view/article/14565
"James, R (1703-1776)",,,,,physician,physician,http://www.oxforddnb.com/view/article/14618?docPos=71
"Jameson, William (1689-1720)",,whig,,anti-quaker,,"whig, anti-quaker",http://www.oxforddnb.com/view/article/14635?docPos=2
"Jebb, S (1694-1772)",,,,nonjuror,scholar,nonjuring scholar,http://www.oxforddnb.com/view/article/14686?docPos=16
"Johnson, Humphry",,jacobite,,,bishop,"jacobite, bishop",http://www.oxforddnb.com/view/article/14889?docPos=3
"Johnson, James (1705-1774)",,whig,church of England,,,"whig, church of England",http://www.oxforddnb.com/view/article/14916?docPos=1
"Johnson, Mary (1753-1706)",,,,,,,
"Johnson, Samuel (1649-1703)",,whig,,anti-popery,,,http://www.oxforddnb.com/view/article/14916?docPos=1
"Johnson, Samuel (1758-NA)",,,,,,,
"Jones, D (1676-1720)",,,,,historian,historian,http://www.oxforddnb.com/view/article/14988?docPos=7
"Josephus, Flavius",,,,,,,
"Jurieu, Pierre (1637-1713)",,,,,,,
"Justice, Alexander",,,,,,,
"Kames, Henry Home (1696-1782)",Scot,whig,,,lawyer,"Scot, lawyer, whig",http://www.oxforddnb.com/view/article/13643?docPos=1
"Keene, Edmund (1714-1781)",,whig,,pro-Walpole,,court whig,http://www.oxforddnb.com/view/article/15247?docPos=5
"Keith, Robert (1681-1757)",,tory,episcopalian,pro-jacobite,,"Episcopalian, Jacobite sympathiser",http://www.oxforddnb.com/view/article/15270?docPos=3
"Kennedy, James (1759-NA)",,,,,,,
"Kennett, White (1660-1728)",,whig,,,,staunch whig,http://www.oxforddnb.com/view/article/15402?docPos=5
"Ker, John (1673-1726)",Scot,jacobite,,,,Scot Jacobite,http://www.oxforddnb.com/view/article/15449?docPos=2
"Kimber, Isaac (1692-1755)",,,baptist,noncomformist,,"baptist, noncomformist",http://www.oxforddnb.com/view/article/15548?docPos=3
"King, Charles (1721-NA)",,whig,,anti-Bolingbroke,whig,"anti-Bolingbroke economist, whig",http://www.oxforddnb.com/view/article/15552?docPos=3
"Kirkpatrick, James (NA-1743)",Scot,,presbyterian,non-subscribing,,"Scot, non-subscfribing presbyterian",http://www.oxforddnb.com/view/article/15674?docPos=2
"Knox, John (1514-1572)",Scot,,,,religious reformer,"Scot, religious reformer",http://www.oxforddnb.com/view/article/15781?docPos=1
"L, ",,,,,,,
"L'écluse Des Loges, Pierre Mathurin De (1716-1783)",,,,,,,
"L'écluse Des Loges, Pierre Mathurin De (1716-1783)",,,,,,,
"La Chapelle, Vincent",,,,,,,
"Lambert, Claude François (1705-1765)",,,,,,,
"Lambert, Claude-françois (1705-1765)",,,,,,,
"Lambert, John (1722-1723)",,,,,,,
"Lancelot, Claude (1615-1695)",,,,,,,
"Landon, John (1721-1782)",,,,,,,
"Langham, Thomas",,,,,,,
"Langley, Batty (1696-1751)",,,,,author on architecture,writer on architecture,http://www.oxforddnb.com/view/article/16022?docPos=4
"Lansdowne, George Granville (1667-1735)",,royalist,,pro-jacobite,,Royalist and jacobite,http://www.oxforddnb.com/view/article/11301?docPos=4
"Larrey, Isaac De (1638-1719)",,,,,,,
"Latimer, Hugh (1485-1555)",,,protestant,,martyr,Protestant martyr,http://www.oxforddnb.com/view/article/16100?docPos=2
"Lawton, Charlwood (1660-1721)",,,,,author,author,http://www.oxforddnb.com/view/article/16211?docPos=1
Layman,,,,,,,
"Le Blanc, Jean-bernard (1707-1781)",,,,,,,
"Le Clerc, Jean (1657-1736)",,,,,theologian,"theologian, author",http://www.oxforddnb.com/view/article/66368?docPos=1
"Le Neve, John (1679-1741)",,,,,antiquary,antiquary,http://www.oxforddnb.com/view/article/16439?docPos=2
"Leadbetter, Charles (1728-NA)",,,,,,,
"Leake, Stephen Martin (1702-1773)",,royalist,,,heraldist,"royalist, heraldist",http://www.oxforddnb.com/view/article/16241?docPos=9
"Lediard, Thomas (1685-1743)",,,,,author,author,http://www.oxforddnb.com/view/article/16269
"Leeds, Thomas Osborne (1631-1712)",,,,,,,
"Lennox, Charlotte (1729-1804)",,,,female,author,female author,http://www.oxforddnb.com/view/article/16454?docPos=13
"Leslie, Charles (1650-1722)",,royalist,episcopalian,anti-catholic,,"Royalist, anti-Catholic, Episcopalian",http://www.oxforddnb.com/view/article/16484?docPos=1
"Lewis, Thomas (1689-1749)",,royalist,high-church,anti-everything,,"royalist, high-church, anti-everything",http://www.oxforddnb.com/view/article/16604?docPos=2
"Lilly, John",,,,,,,
"Limborch, Philippus Van (1633-1712)",,,,,,,
"Lind, James (1716-1794)",Scot,,,,naval officer,"Scot, naval author",http://www.oxforddnb.com/view/article/16669?docPos=1
"Lindsay, John (1686-1768)",,royalist,,"nonjuror, pro-Charles I",,"royalist, pro-Charles I, nonjuring",http://www.oxforddnb.com/view/article/16709?docPos=6
"Locke, John (1632-1704)",,whig,,,,whig,http://www.oxforddnb.com/view/article/16885?docPos=1
"Lockman, John (1698-1771)",,,,compiler of dictionaries,translator,"translator, compiler of dictionairies",http://www.oxforddnb.com/view/article/16912
"Lodge, John (1692-1774)",,,,,genealogist,genealogist,http://www.oxforddnb.com/view/article/16921?docPos=2
"Logan, George (1678-1755)",Scot,whig,,,,"Scot, whig",http://www.oxforddnb.com/view/article/16938?docPos=1
"Lowe, Andrew",,,,,,,
"Lowhen, ",,,,,,,
"Lowman, Moses (1680-1752)",,whig,presbyterian,noncomformist,,"nonconforming, presbyterian whig",http://www.oxforddnb.com/view/article/17097?docPos=1
"Lowndes, Thomas (1719-1784)",,,,,,,
"Lucas, Charles (1713-1771)",,,,Irish nationalist,,Irish nationalist,http://www.oxforddnb.com/view/article/17124?docPos=13
"Ludlow, Edmund (1617-1692)",,parliamentarian,,,,Parliamentarian,http://www.oxforddnb.com/view/article/17161?docPos=3
"Macbride, John (1651-1718)",Irish,,presbyterian,,,Ulster Presbyterian,http://www.oxforddnb.com/view/article/17361?docPos=4
"Mackenzie, George (1636-1691)",Scot,jacobite,episcopalian,,,"Jacobite Scot, Episcopalian",http://www.oxforddnb.com/view/article/17581?docPos=43
"Mackenzie, George (1669-1725)",Scot,royalist,,,,"Scot, Royalist",http://www.oxforddnb.com/view/article/17579?docPos=42
"Mackworth, Humphrey (1657-1727)",,tory,,,,tory ,http://www.oxforddnb.com/view/article/17631?docPos=2
"Macqueen, Daniel (NA-1777)",Scot,,calvinist,anti-Hume,,"Scot Calvinist, offended by Hume on reformation",http://www.oxforddnb.com/view/article/64376?docPos=1
"Madox, Thomas (1666-1727)",,,dissenter,,,"antiquary, dissent leanings perhaps",http://www.oxforddnb.com/view/article/17767?docPos=2
"Magill, Moses (1714-1715)",,,,,,,
"Maitland, William (1693-1757)",Scot,whig,,consitutional author,,"Scot, prudential whiggery in which constitutions changed according to historical circumstance ",http://www.oxforddnb.com/view/article/17839?docPos=36
"Malcolm, Alexander (1685-1763)",,,,,,,
"Mall, Thomas (1629-1630)",,,,,,,
"Manning, Robert (1730-1731)",,,catholic,,priest,Roman Catholic priest,http://www.oxforddnb.com/view/article/17974
"Markwick, Nathaniel (1664-1735)",,,church of England,,,Church of England,http://www.oxforddnb.com/view/article/18076
"Marshall, Nathaniel (NA-1730)",,tory,church of England,,,"Church of England, tory",http://www.oxforddnb.com/view/article/18147
"Marvell, Andrew (1621-1678)",,parliamentarian,,,,Parliamentarian,http://www.oxforddnb.com/view/article/18242?docPos=2
"Massie, J (NA-1784)",,whig,,pro-Pitt,economic author,"whig, Pitt supporter, economic writer",http://www.oxforddnb.com/view/article/18303?docPos=4
"Mather, W (1695-NA)",,,,,,,
"Mattocks, Thomas",,,,,,,
"Maxwell, Henry (1723-1798)",,,,,,,
"Maynwaring, Arthur (1668-1712)",,whig,,,,whig,http://www.oxforddnb.com/view/article/17809?docPos=2
"Mayo, Daniel (1672-1733)",,whig,presbyterian,,,Presbuterian whig,http://www.oxforddnb.com/view/article/18454?docPos=6
"Mayoh, Thomas",,,,,,,
"Mears, Abraham",,,,,,,
Member Of The House Of Commons,,,,,,,
"Menteith, Robert",Scot,tory,episcopalian,pro-Jacobite,,"Scot, episcopalian, Jacobite sympathiser",http://www.oxforddnb.com/view/article/18563?docPos=5
"Miege, Guy (1644-1718)",,,,,author,author,http://www.oxforddnb.com/view/article/18687
"Miège, Guy (1644-1718)",,,,,author,author,http://www.oxforddnb.com/view/article/18687
"Milbourne, Luke (1649-1720)",,,,,poet,poet,http://www.oxforddnb.com/view/article/18692?docPos=3
"Misson, Henri",,,,,,,
"Molloy, Charles (1646-1690)",,,,,legal author,legal author,http://www.oxforddnb.com/view/article/18914?docPos=1
"Molyneux, William (1656-1698)",Irish,,,,philosopher,"Philosopher, consitutional author, Irish",http://www.oxforddnb.com/view/article/18929?docPos=17
"Monier De Clairecombe, Jean",,,,,,,
"Montfaucon, Bernard De (1655-1741)",,,,,,,
"Moore, John (1646-1714)",,whig,low-church,,,low-chuch whig,http://www.oxforddnb.com/view/article/19126?docPos=11
"Morant, Philip (1700-1770)",,whig,,Tindal's assistant,Rapin translator,"Tindal's assistant, whig, Rapin translation",http://www.oxforddnb.com/view/article/19159?docPos=3
"Mordington, George Douglas (NA-1741)",,whig,,anti-Catholic,,"whig, anti-catholic",http://www.oxforddnb.com/view/article/7887
"Moréri, Louis (1643-1680)",,,,,,,
"Morgan, M",,,,,,,
"Morins, Richard De (NA-1242)",,,,,canon lawyer,canon lawyer,http://www.oxforddnb.com/view/article/23518
"Morris, Corbyn (1710-1779)",,whig,,pro-Walpole,,Walpole court whig,http://www.oxforddnb.com/view/article/19302
"Mortimer, Thomas (1730-1810)",,,,,economical author,economical author,http://www.oxforddnb.com/view/article/19357?docPos=36
"Moryson, Fynes (1566-1630)",,,,,author,"author, traveller",http://www.oxforddnb.com/view/article/19385?docPos=3
"Mottley, John (1692-1750)",,,,,author,author,http://www.oxforddnb.com/view/article/19424
"Murphy, Arthur (1727-1805)",,,,,playwright,"playwright, theatre ",http://www.oxforddnb.com/view/article/19569?docPos=1
"Murray, Richard (NA-1781)",,,,,,,
"N, ",,,,,,,
NA,,,,,,,
"Neal, Daniel (1678-1743)",,,dissenter,history of puritans,,"history of puritans (important), dissenter",http://www.oxforddnb.com/view/article/19817
"Nelson, William (1653-1813)",,,,,legal author,legal author,http://www.oxforddnb.com/view/article/19887?docPos=1
"Nepos, Cornelius",,,,,,,
"Newbery, John (1713-1767)",Scot,,,,publisher,Scot publisher,http://www.oxforddnb.com/view/article/19978?docPos=2
"Newcome, Richard (1701-1769)",,,,,,,
"Newlin, Thomas (1688-1743)",,,church of England,,,Church of England,http://www.oxforddnb.com/view/article/20014?docPos=1
"Nicholls, William (1664-1712)",,,,anti-Hobbes,theologian,"theologian, anti-Hobbes",http://www.oxforddnb.com/view/article/20116?docPos=2
"Nichols, Francis",,,,,physician,physician,http://www.oxforddnb.com/view/article/20109
"North, Roger (1653-1734)",,,,nonjuror,scholar,nonjuring scholar,http://www.oxforddnb.com/view/article/20314?docPos=3
"Nugent, Robert (1730-1788)",,,,,,,
Officer Of The Squadron,,,,,,,
"Oldmixon,  (1673-1742)",,whig,,,,"Importnant figure, whig",http://www.oxforddnb.com/view/article/20695?docPos=2
"Oldys, William (1696-1761)",,,,,antiquary,antiquary,http://www.oxforddnb.com/view/article/20699?docPos=5
"Onslow, Arthur (1691-1768)",,,,,speaker of the house of commons,speaker of the house of commons,http://www.oxforddnb.com/view/article/20788?docPos=2
"Orrery, Roger Boyle (1621-1679)",,parliamentarian,,,,Parliamentarian,http://www.oxforddnb.com/view/article/3138?docPos=4
"Osbaldeston, Richard (1690-1764)",,whig,,,bishop,whig bishop,http://www.oxforddnb.com/view/article/20862?docPos=3
"Osborne, Francis (1593-1659)",,royalist,,anti-James I,,"Royalist?, Chronicles the failings of James I",http://www.oxforddnb.com/view/article/20875?docPos=1
"Osborne, Thomas (1757-1767)",,,,,bookseller,bookseller ,http://www.oxforddnb.com/view/article/20885?docPos=2
"Owen, Charles (NA-1746)",,parliamentarian,,independent,,"Parliamentarian , independent",http://www.oxforddnb.com/view/article/21016?docPos=52
"Owen, James (1654-1706)",,,,noncomformist,,noncomformist  ,http://www.oxforddnb.com/view/article/21012?docPos=48
"Owen, John (1616-1683)",,,,,,,
"Owen, R (1713-1721)",,,,,,,
Palaeophilus Anglicanus,,,,,,,
"Pardon, William",,,,,,,
"Park, Robert (1706-NA)",,,,,,,
"Partridge, John (1644-1715)",,whig,,radical,,radical whig,http://www.oxforddnb.com/view/article/21484?docPos=8
"Paterson, James",,,,,,,
"Paxton, Nicholas",,,,,,,
"Peck, Francis (1692-1743)",,whig,presbyterian,,antiquary,antiquary,
"Peirce, James (1673-1726)",,,,,,presbuterian whig,http://www.oxforddnb.com/view/article/21782
"Penn, William (1644-1718)",,,quaker,,,quaker,http://www.oxforddnb.com/view/article/21857?docPos=3
"Petty, William (1623-1687)",,,,anti-clerical,Irish politics,"Irish business, anti-clerical",http://www.oxforddnb.com/view/article/22069?docPos=1
"Petyt, William (1636-1707)",,whig,,radical,,radical whig,http://www.oxforddnb.com/view/article/22074?docPos=2
"Philipps, John (1700-1764)",,whig,,,,whig,http://www.oxforddnb.com/view/article/39715?docPos=8
"Philips, Erasmus (NA-1743)",,whig,,,,whig,http://www.oxforddnb.com/view/article/22121?docPos=1
"Philips, George (1599-1696)",,,,,,,
Philo dicaios,,,,,,,
"Pickering, W",,,,,,,
"Pinckney, Is",,,,,,,
"Pittis, William (1674-1724)",,tory,,,,tory ,http://www.oxforddnb.com/view/article/22343?docPos=2
"Plutarch, ",,,,,,,
"Pointer, John (1668-1754)",,,,,antiquary,antiquary,http://www.oxforddnb.com/view/article/22440?docPos=1
"Poole, Robert (1708-1752)",,,,,theologian,"theologian, author",http://www.oxforddnb.com/view/article/22521
"Pope, Alexander (1688-1744)",,tory,,,,tory,http://www.oxforddnb.com/view/article/22526?docPos=1
"Postlethwayt, James (NA-1761)",,,,,economical author,"history of public revenue, statistics for Smith etc.",http://www.oxforddnb.com/view/article/22597?docPos=1
"Povey, Charles (1652-1743)",,,,,economical author,economical author,http://www.oxforddnb.com/view/article/22639?docPos=1
"Power, Robert (1729-NA)",,,,,,,
"Poyntz, Stephen (1685-1750)",,,,,diplomatist,diplomatist,http://www.oxforddnb.com/view/article/22694?docPos=13
"Pratt, Charles (1714-1794)",,whig,,,lawyer,whig lawyer,http://www.oxforddnb.com/view/article/22699?docPos=5
"Prentice, Thomas (1702-1782)",,,,,,,
Presbyter Of The Church Of England,,whig,presbyterian,,,presbuterian whig,
"Prideaux, Humphrey (1648-1724)",,whig,,anti-Catholic,,"whig, anti-catholic",http://www.oxforddnb.com/view/article/22784?docPos=3
"Probationer, Belonging To The Assoc Presb Of Glasgow",,,,,,,
"Pulteney, William (1684-1764)",,whig,,pro-Walpole,,court whig,http://www.oxforddnb.com/view/article/22889?docPos=6
"R,  (1632-1725)",,,,,,,
"Radcliff, Ebenezer",,,,,,,
"Raleigh, Walter (1552-1618)",,,,,Elizabethian courtier,Elizabethian courtier,http://www.oxforddnb.com/view/article/23039?docPos=1
"Ralph, James (NA-1762)",,,,anti-Walpole,,anti-Walpole ,http://www.oxforddnb.com/view/article/23060?docPos=1
"Ramsay,  (1686-1743)",,,,,,,
"Randall, Joseph",,,,,,,
"Raynal,  (1713-1796)",,,,,,,
"Reresby, John (1634-1689)",,parliamentarian,,,,parliamentarian,http://www.oxforddnb.com/view/article/23389?docPos=1
"Richardson, Robert",,,,,,,
"Ricouart D'hérouville De Claye, Antoine De",,,,,,,
"Rider, William (1723-1785)",,whig,,popular,historian,whig popular historian,http://www.oxforddnb.com/view/article/23620?docPos=3
"Ridpath, George (1717-1726)",Scot,,presbyterian,,,"Scot, presbyterian",http://www.oxforddnb.com/view/article/23635?docPos=1
"Rigby, Alexander (1594-1650)",,parliamentarian,,,,parliamentarian,http://www.oxforddnb.com/view/article/23643?docPos=4
"Robertson, William",Scot,whig,,,,"Scot, whig",http://www.oxforddnb.com/view/article/23817?docPos=8
"Robertson, William (1721-1793)",,,,,,,
"Robinson, James (1739-NA)",,,,,,,
"Rollin, Charles (1661-1741)",,,,,,,
"Rolt, Richard (1724-1770)",,whig,,,,whig,http://www.oxforddnb.com/view/article/24035?docPos=4
"Rowland, Thomas",,,,,,,
"Royer, Gideon (1650-1722)",,,,,,,
"Ruddiman, Thomas (1674-1757)",Scot,jacobite,,,,Jacobite Scot,http://www.oxforddnb.com/view/article/24249?docPos=1
"Rushworth, John (1612-1690)",,parliamentarian,,Historical collections big deal,,Parliamentarian (big deal) Pre-Restorian reprint book; ohn Rushworth's Historical Collections appeared in successive folio volumes over a period of more than forty years,http://www.oxforddnb.com/view/article/24288?docPos=1
"Rutherforth, T (1712-1771)",,,,,moral philosopher,moral philosopher,http://www.oxforddnb.com/view/article/24367?docPos=1
"Rye, George (1675-1741)",,,,,,,
"Rymer, Thomas (1641-1713)",,,,,King's historian,King's historian,http://www.oxforddnb.com/view/article/24426?docPos=3
"Sabourn, Reay",,,,,,,
"Sacheverell, Henry (1674-1724)",,tory,high-church,,,high-church tory,http://www.oxforddnb.com/view/article/24440?docPos=2
"Sage, John (1652-1711)",Scot,jacobite,episcopalian,,,"Scot, episcopalian, jacobite",http://www.oxforddnb.com/view/article/24471?docPos=2
"Salmon, N (1675-1742)",,royalist,,pro-Stuart,,"Royalist, Stuart sympathy",http://www.oxforddnb.com/view/article/24555?docPos=11
"Salmon, Thomas (1679-1767)",,royalist,,"pro-Stuart, anti-Rapin",,"Royalist, Stuart praise, anti-Rapin",http://www.oxforddnb.com/view/article/24558?docPos=14
"Sancroft, William (1617-1693)",,royalist,church of England,"nonjuror, divine right",,"royalist, nonjuring Church of England, divine right",http://www.oxforddnb.com/view/article/24610?docPos=1
"Sandeman, Robert (1718-1771)",Scot,royalist,,,,"royalist, Scot, church",http://www.oxforddnb.com/view/article/24615?docPos=2
"Sanderson, Robert (1587-1663)",,royalist,,Charles I chaplain,,"Royalist, Charles I chaplain",http://www.oxforddnb.com/view/article/24627?docPos=11
"Sandford, Francis (1630-1694)",,royalist,,James II jerald,,"Royalist, James II herald",http://www.oxforddnb.com/view/article/24633?docPos=5
"Savary Des Brûlons, Jacques (1657-1716)",,,,,,,
"Sawyer, Edmund (NA-1759)",,,,,lawyer,lawyer,http://www.oxforddnb.com/view/article/24754?docPos=2
"Scott, David (1675-1742)",,tory,,,historian,tory historian,http://www.oxforddnb.com/view/article/24912?docPos=1
"Scott, John (1639-1695)",,,"Church of England,",anti-noncomformist,,"church of england, anti-noncomformist",http://www.oxforddnb.com/view/article/24889?docPos=10
"Scott, Sarah (1723-1795)",,,,,,,
"Seacome, John",,,,,,,
"Sedley, Charles (1639-1701)",,parliamentarian,,,,parliamentarian,http://www.oxforddnb.com/view/article/25021?docPos=2
"Segneri, Paolo (1624-1694)",,,,,,,
"Selden, John (1584-1654)",,whig,,,historian,whig historian,http://www.oxforddnb.com/view/article/25052?docPos=1
"Seller, John (1658-1698)",,,,,,,
"Sewel, William (1653-1720)",,,quaker,quaker historian,,quakerism historian,http://www.oxforddnb.com/view/article/25139
"Shakespeare, William (1564-1616)",,,,,shakespeare,shakespeare,http://www.oxforddnb.com/view/article/25200?docPos=8
"Sharpe, Isaac (1695-1718)",,,,,,,
"Shelvocke, George",,,,,naval author,seaman author,http://www.oxforddnb.com/view/article/25320
"Shields, Alexander (1660-1700)",Scot,parliamentarian,presbyterian,,,"Scot, presbyerian, parliamentarian",http://www.oxforddnb.com/view/article/25302?docPos=1
"Shiells, Robert (NA-1753)",Scot,jacobite,,,,"Scot, jacobite ",http://www.oxforddnb.com/view/article/25402?docPos=1
"Shiers, William",,,,,,,
"Short, Thomas (1690-1772)",Scot,,,,physician,"Scot, physician",http://www.oxforddnb.com/view/article/25461?docPos=12
"Sidney, Algernon (1623-1683)",,parliamentarian,,radical,,"parliamentarian, radical",http://www.oxforddnb.com/view/article/25519?docPos=1
"Simon, James",,,,,,,
"Simpson, William (1761-NA)",,,,,,,
"Smedley, Jonathan (1671-1729)",,whig,,pro-Walpole,church of Ireland minister,"Churc of Ireland, court whig",http://www.oxforddnb.com/view/article/25749?docPos=6
"Smith, John (1700-NA)",,,,,,,
"Smollett, Tobias George (1721-1771)",,,,,author,writer,http://www.oxforddnb.com/view/article/25947?docPos=2
"Smyth, George (1689-1746)",,,,,,,
"Somers, John (1651-1716)",,whig,,,,whig,http://www.oxforddnb.com/view/article/26002?docPos=8
"Sparrow, Anthony (1612-1685)",,royalist,,,bishop,"royalist, bishop",http://www.oxforddnb.com/view/article/26086?docPos=2
"Speke, Hugh (1656-1724)",,whig,,agitator,,whig agitator,http://www.oxforddnb.com/view/article/26100?docPos=4
"Spence, David (1747-1786)",,,,,,,
"Spenser, Edmund (1552-1599)",,,,Present state of ireland,,Present state of ireland,http://www.oxforddnb.com/view/article/26145?docPos=1
"Squire, Samuel (1713-1766)",,whig,,pro-Walpole,,court whig,http://www.oxforddnb.com/view/article/26192?docPos=16
"Stackhouse, Thomas (1680-1752)",,whig,,,,whig,http://www.oxforddnb.com/view/article/26197?docPos=3
"Stanhope, Myles",,,,,,,
"Stanley, Thomas (1625-1678)",,,,Epicurean sympathiser,,Epicurean sympathiser,http://www.oxforddnb.com/view/article/26281?docPos=4
"Steele, Richard (1672-1729)",,whig,,,,whig,http://www.oxforddnb.com/view/article/26347?docPos=2
"Stephens, William (NA-1718)",,whig,,,,whig,http://www.oxforddnb.com/view/article/26395?docPos=28
"Stepney, George (1663-1707)",,royalist,,,,royalist,http://www.oxforddnb.com/view/article/26404?docPos=3
"Stevens, John (NA-1726)",,jacobite,,,,Jacobite   ,http://www.oxforddnb.com/view/article/26423?docPos=1
"Stewart, Duncan",Scot,whig,,radical,,"Scot, radical, whig",http://www.oxforddnb.com/view/article/26418?docPos=17
"Stewart, James (1635-1713)",,,,,,,
"Stith, William (1707-1755)",,whig,,,,whig,http://www.oxforddnb.com/view/article/68752
"Stow, John (1525-1605)",,,,,historian,historian,http://www.oxforddnb.com/view/article/26611?docPos=4
"Strachey, John (1671-1743)",,,,,antiquary,antiquary,http://www.oxforddnb.com/view/article/26622?docPos=11
"Strafford, Thomas Wentworth (1593-1641)",,,,,,,
"Strype, John (1643-1737)",,,,,historian,historian,http://www.oxforddnb.com/view/article/26690
"Sturt, John (1658-1730)",,,,,engraver,engraver,http://www.oxforddnb.com/view/article/26752?docPos=6
"Swift, Jonathan (1667-1745)",,tory,,,,tory,http://www.oxforddnb.com/view/article/26833?docPos=5
Syllogism Sampson,,,,,,,
"Tavernier, John",,,,,,,
"Taylor, Nathanael (1722-1702)",,parliamentarian,,,,parliamentarian,http://www.oxforddnb.com/view/article/7789
"Taylor, Silas (1624-1678)",,,,,,,
"Temple, William (1628-1699)",,royalist,,,,royalist,http://www.oxforddnb.com/view/article/27122?docPos=3
"Tennent, Gilbert (1703-1764)",,,presbyterian,America,,"America, presbyterian",http://www.oxforddnb.com/view/article/68755?docPos=3
"Thomas, John (1696-1781)",,,,,bishop,bishop,http://www.oxforddnb.com/view/article/27223?docPos=5
"Thomson, James (1700-1748)",Scot,whig,opposition,,poet,"Scot, poet, opposition whig",http://www.oxforddnb.com/view/article/27306?docPos=2
"Thoyras, Rapin (1661-1725)",,whig,,,,whig,http://www.oxforddnb.com/view/article/23145
"Thurloe, John (1616-1668)",,parliamentarian,,,,parliamentarian,http://www.oxforddnb.com/view/article/27405?docPos=1
"Tilly, William (1675-1717)",,,,,,,
"Tindal, Matthew (1653-1733)",,whig,,anti-clerical,,anti-clerical whig,http://www.oxforddnb.com/view/article/27462?docPos=3
"Tindal, N (1687-1774)",,whig,,,,whig,http://www.oxforddnb.com/view/article/27463?docPos=4
"Tisdall, William (1669-1735)",,,,anti-dissent,Church of Ireland ,"church of Ireland, anti-dissent",http://www.oxforddnb.com/view/article/27476?docPos=3
"Todd, Jonathan (1713-1791)",,,,,,,
"Toland, John (1670-1722)",,whig,freethinker,,,freethinking whig,http://www.oxforddnb.com/view/article/27497?docPos=1
"Towgood, Micaiah (1700-1792)",,,dissenter,,,presbyterian dissenter,http://www.oxforddnb.com/view/article/27595/27594?docPos=1
"Tremaine, John (NA-1694)",,whig,,,lawyer,whig lawyer,http://www.oxforddnb.com/view/article/27692
True Lover Of The Queen And Country,,,,,,,
"Tucker, Josiah (1712-1799)",,,,anti-radical,economist,"economist, anti-radical",http://www.oxforddnb.com/view/article/27790
"Tyrrell, James (1642-1718)",,whig,,leading English,,Leading English whig,http://www.oxforddnb.com/view/article/27953
"Tytler, William (1711-1792)",Scot,,,anti-Hume,historian,"Scot, anti-Hume historian",http://www.oxforddnb.com/view/article/27969?docPos=7
"Upton, John (1707-1760)",,,church of England,,,Church of England,http://www.oxforddnb.com/view/article/28009/28010?docPos=9
"Vauban, Sébastien Le Prestre De (1633-1707)",,,,,,,
"Venegas, Miguel (1680-1764)",,,,,,,
"Viner, Charles (1678-1756)",,,,,legal author,legal author,http://www.oxforddnb.com/view/article/28317?docPos=1
"Voiture,  (1597-1648)",,,,,,,
"Voltaire,  (1694-1778)",,,,,historian,historian,http://www.oxforddnb.com/view/article/68321?docPos=1
"W, ",,,,,,,
"Wadsworth, Benjamin (1670-1737)",,,,,,,
"Wainhouse, Richard (1700-1762)",,,,,,,
"Walker, Edward (1612-1677)",,royalist,,in Okie,,Big time Royalist (Oakie mentions),http://www.oxforddnb.com/view/article/28475?docPos=1
"Walker, John (1674-1747)",,,church of England,,historian,Church of England historian,http://www.oxforddnb.com/view/article/28496?docPos=5
"Walkingame, Francis (1723-1783)",,,,,writer on artithmetic,writer on artithmetic,http://www.oxforddnb.com/view/article/28521
"Wallace, George (1727-1805)",Scot,,,pro-Hume,,"Scot, close to Hume",http://www.oxforddnb.com/view/article/28539?docPos=1
"Wallace, Robert (1697-1771)",,,,,lawyer,"Robert Wallace son, lawyer",http://www.oxforddnb.com/view/article/28539/28531
"Wallis, John (1714-1793)",,,,,antiquary,antiquary,http://www.oxforddnb.com/view/article/28573?docPos=2
"Walpole, Horace (1717-1797)",,whig,,,historian,whig historian,http://www.oxforddnb.com/view/article/28596?docPos=2
"Walpole, Robert (1676-1745)",,whig,,pro-Walpole,,court whig,http://www.oxforddnb.com/view/article/28601?docPos=2
"Ward, Edward (1667-1731)",,tory,high-church,,satirist,"high-church tory, satirist",http://www.oxforddnb.com/view/article/28682?docPos=2
"Ward, John (1679-1758)",,,dissenter,,antiquary,antiquary dissenter,http://www.oxforddnb.com/view/article/28692?docPos=6
"Ward, John (1698-1709)",,,Catholick,,controversialist,Roman Catholic controversialist,http://www.oxforddnb.com/view/article/28707?docPos=2
"Ward, Thomas (1652-1708)",,,,,,,
"Ware, James (1594-1666)",Irish,,,,historian,Irish historian,http://www.oxforddnb.com/view/article/28729?docPos=5
"Warner, Ferdinando (1703-1768)",,whig,,moderate,,moderate whig,http://www.oxforddnb.com/view/article/28756?docPos=7
"Warren, Robert (1680-1740)",,,,,,,
"Warton, Thomas (1728-1790)",,,,,poet and history of poetry,poet and history of poetry,http://www.oxforddnb.com/view/article/28799?docPos=5
"Warwick, Philip (1609-1683)",,royalist,,pro-Charles I,,"Favourable portrait of Charles I, royalist, memoirs",http://www.oxforddnb.com/view/article/28800?docPos=40
"Waterland, Daniel (1683-1740)",,,,orthodox in religion,,religious orthodox,http://www.oxforddnb.com/view/article/28815
"Watson, John (1725-1783)",,whig,,,,whig,http://www.oxforddnb.com/view/article/28845?docPos=6
"Watson, Joseph (1681-1737)",,,,,,,
"Watson, William (1637-1689)",,,,,,,
"Watts, Isaac (1674-1748)",,whig,,,,whig,http://www.oxforddnb.com/view/article/28888?docPos=1
"Watts, Thomas (1665-1739)",,,,,,,
"Webb, Philip Carteret (1700-1770)",,whig,,,,whig,http://www.oxforddnb.com/view/article/28929?docPos=2
"Weldon, Anthony (1728-1649)",,parliamentarian,,,,"syntym_vuosiv__rin, kuolinvuosi oikein, kuningasta vastaan kirjoittanut tyyppi",http://www.oxforddnb.com/view/article/28988?docPos=1
"Wells, Edward (1667-1727)",,tory,high-church,,,high-church tory,http://www.oxforddnb.com/view/article/29012
"Welwood, James (1652-1727)",Scot,whig,,,,"Scot, whig",http://www.oxforddnb.com/view/article/29023?docPos=2
"Wesley, John (1703-1791)",,,methodism,America,,"Church of England, America, founder of methodism",http://www.oxforddnb.com/view/article/29069?docPos=9
"Wesley, Samuel (1662-1735)",,,"Church of England,",,,Church of England,http://www.oxforddnb.com/view/article/29070?docPos=11
"Weston, Thomas",,,,,,,
"Wharton, Philip (1698-1731)",,jacobite,,rake,,"Jacobite, rake",http://www.oxforddnb.com/view/article/29171?docPos=15
"Wheatly, Charles (1686-1742)",,tory,high-church,,,high-church tory,http://www.oxforddnb.com/view/article/29183
"Whitefield, George (1714-1770)",,,methodist ,,leader of movement,Calvinist methodist leader,http://www.oxforddnb.com/view/article/29281?docPos=2
"Whitehead, George (1636-1723)",,,quaker,,,quaker,http://www.oxforddnb.com/view/article/29287?docPos=8
"Whitehead, William (1715-1785)",,,,,playwright,playwright. ,http://www.oxforddnb.com/view/article/29294?docPos=20
"Whiting, Charles (1661-1711)",,,,,,,
"Whitlocke, Bulstrode (1605-NA)",,parliamentarian,,anti-Charles I,,"Parliamentarian, main guy writing about Charles I, in eighteenth-century by whigs contrasted to tory Clarendon as a whig, reprint 1732",
"Wilkins, David (1685-1745)",,,,,Coptic scholar,Coptic scholar,http://www.oxforddnb.com/view/article/29417?docPos=3
"Willis, Browne (1682-1760)",,,,,antiquary,antiquary,http://www.oxforddnb.com/view/article/29577?docPos=7
"Willymott, William (NA-1737)",,,,,grammarian,grammarian,http://www.oxforddnb.com/view/article/29618
"Wilson, Henry (1673-1741)",,,,,,,
"Wingate, Edmund (1596-1656)",,,,,legal author,legal author,http://www.oxforddnb.com/view/article/29732?docPos=1
"Wingfield, Thomas (1710-1773)",,,,,,,
"Winstanley, William (1628-1698)",,royalist,,,,royalist,http://www.oxforddnb.com/view/article/29760?docPos=9
"Wise, John (1652-1725)",,,,,,,
"Wise, Thomas (1670-1726)",,,,,,,
"Wishart, George (1599-1671)",Scot,royalist,,,,"Scot, royalist",http://www.oxforddnb.com/view/article/29794?docPos=4
"Wodrow, Robert (1679-1734)",Scot,,,anti-presbyterian,,"Scot, anti-presbyterian",http://www.oxforddnb.com/view/article/29819?docPos=4
"Wood, Anthony à (1632-1695)",,,,,antiquary,antiquary,http://www.oxforddnb.com/view/article/29864
"Wood, Thomas (1661-1722)",,,,,legal author,legal author,http://www.oxforddnb.com/view/article/29895?docPos=5
"Wood, William (1679-1765)",,,,,,,
"Woodward, Samuel (1727-1782)",,,,,,,
"Worley, Thomas",,,,,,,
"Wotton, Thomas (NA-1766)",,,,,publisher of history,publisher of history,http://www.oxforddnb.com/view/article/30004?docPos=2
"Wright, Abraham Ben Little",,royalist,,,,royalist,http://www.oxforddnb.com/view/article/30027?docPos=13
"Wright, S (1683-1746)",,whig,presbyterian,,,presbyterian whig,http://www.oxforddnb.com/view/article/30057?docPos=79
"Wynne, William (1692-1765)",,,,,,,
