"ISSN","year","circulation","source","qualifier"
"1457-4799",1800,NA,NA,NA
"1457-4829",1800,NA,NA,NA
"1457-4764",1800,NA,NA,NA
"1457-4780",1800,200,NA,NA
"1457-4772",1800,NA,NA,NA
"1457-4802",1800,NA,NA,NA
"0785-398X",1800,NA,NA,NA
"1457-425X",1800,NA,NA,NA
"1457-4276",1800,NA,NA,NA
"0358-6294",1800,NA,NA,NA
"1457-4306",1800,NA,NA,NA
"1457-4314",1800,NA,NA,NA
"1457-4403",1800,NA,NA,NA
"1457-4330",1800,NA,NA,NA
"1457-4349",1800,NA,NA,NA
"1457-4365",1800,NA,NA,NA
"1457-439X",1800,NA,NA,NA
"1457-4411",1800,NA,NA,NA
"1457-4268",1800,NA,NA,NA
"1457-4446",1800,NA,NA,NA
"1457-4462",1800,NA,NA,NA
"1457-4454",1800,NA,NA,NA
"1457-4500",1800,NA,NA,NA
"fk01443",1800,NA,NA,NA
"1457-4373",1800,NA,NA,NA
"1457-4519",1800,NA,NA,NA
"1457-4527",1800,NA,NA,NA
"1457-4535",1800,NA,NA,NA
"1457-4543",1800,NA,NA,NA
"1457-456X",1800,NA,NA,NA
"1457-4608",1800,NA,NA,NA
"1457-4586",1800,NA,NA,NA
"1457-4616",1800,NA,NA,NA
"1457-4624",1800,NA,NA,NA
"1457-4667",1800,NA,NA,NA
"1457-4683",1800,NA,NA,NA
"1457-4683",1800,NA,NA,NA
"1457-4705",1800,NA,NA,NA
"1457-473X",1800,NA,NA,NA
"1457-4748",1800,NA,NA,NA
"1457-4756",1800,NA,NA,NA
"1457-4888",1800,NA,NA,NA
"0356-1844",1800,NA,NA,NA
"1457-442X",1800,NA,NA,NA
"1457-4837",1800,NA,NA,NA
"1457-4845",1800,NA,NA,NA
"1457-4853",1800,NA,NA,NA
"1457-4861",1800,NA,NA,NA
"1457-4578",1800,NA,NA,NA
"1457-4799",1801,NA,NA,NA
"1457-4829",1801,NA,NA,NA
"1457-4764",1801,NA,NA,NA
"1457-4780",1801,200,NA,NA
"1457-4772",1801,NA,NA,NA
"1457-4802",1801,NA,NA,NA
"0785-398X",1801,NA,NA,NA
"1457-425X",1801,NA,NA,NA
"1457-4276",1801,NA,NA,NA
"0358-6294",1801,NA,NA,NA
"1457-4306",1801,NA,NA,NA
"1457-4314",1801,NA,NA,NA
"1457-4403",1801,NA,NA,NA
"1457-4330",1801,NA,NA,NA
"1457-4349",1801,NA,NA,NA
"1457-4365",1801,NA,NA,NA
"1457-439X",1801,NA,NA,NA
"1457-4411",1801,NA,NA,NA
"1457-4268",1801,NA,NA,NA
"1457-4446",1801,NA,NA,NA
"1457-4462",1801,NA,NA,NA
"1457-4454",1801,NA,NA,NA
"1457-4500",1801,NA,NA,NA
"fk01443",1801,NA,NA,NA
"1457-4373",1801,NA,NA,NA
"1457-4519",1801,NA,NA,NA
"1457-4527",1801,NA,NA,NA
"1457-4535",1801,NA,NA,NA
"1457-4543",1801,NA,NA,NA
"1457-456X",1801,NA,NA,NA
"1457-4608",1801,NA,NA,NA
"1457-4586",1801,NA,NA,NA
"1457-4616",1801,NA,NA,NA
"1457-4624",1801,NA,NA,NA
"1457-4667",1801,NA,NA,NA
"1457-4683",1801,NA,NA,NA
"1457-4683",1801,NA,NA,NA
"1457-4705",1801,NA,NA,NA
"1457-473X",1801,NA,NA,NA
"1457-4748",1801,NA,NA,NA
"1457-4756",1801,NA,NA,NA
"1457-4888",1801,NA,NA,NA
"0356-1844",1801,NA,NA,NA
"1457-442X",1801,NA,NA,NA
"1457-4837",1801,NA,NA,NA
"1457-4845",1801,NA,NA,NA
"1457-4853",1801,NA,NA,NA
"1457-4861",1801,NA,NA,NA
"1457-4578",1801,NA,NA,NA
"1457-4799",1802,NA,NA,NA
"1457-4829",1802,NA,NA,NA
"1457-4764",1802,NA,NA,NA
"1457-4780",1802,200,NA,NA
"1457-4772",1802,NA,NA,NA
"1457-4802",1802,NA,NA,NA
"0785-398X",1802,NA,NA,NA
"1457-425X",1802,NA,NA,NA
"1457-4276",1802,NA,NA,NA
"0358-6294",1802,NA,NA,NA
"1457-4306",1802,NA,NA,NA
"1457-4314",1802,NA,NA,NA
"1457-4403",1802,NA,NA,NA
"1457-4330",1802,NA,NA,NA
"1457-4349",1802,NA,NA,NA
"1457-4365",1802,NA,NA,NA
"1457-439X",1802,NA,NA,NA
"1457-4411",1802,NA,NA,NA
"1457-4268",1802,NA,NA,NA
"1457-4446",1802,NA,NA,NA
"1457-4462",1802,NA,NA,NA
"1457-4454",1802,NA,NA,NA
"1457-4500",1802,NA,NA,NA
"fk01443",1802,NA,NA,NA
"1457-4373",1802,NA,NA,NA
"1457-4519",1802,NA,NA,NA
"1457-4527",1802,NA,NA,NA
"1457-4535",1802,NA,NA,NA
"1457-4543",1802,NA,NA,NA
"1457-456X",1802,NA,NA,NA
"1457-4608",1802,NA,NA,NA
"1457-4586",1802,NA,NA,NA
"1457-4616",1802,NA,NA,NA
"1457-4624",1802,NA,NA,NA
"1457-4667",1802,NA,NA,NA
"1457-4683",1802,NA,NA,NA
"1457-4683",1802,NA,NA,NA
"1457-4705",1802,NA,NA,NA
"1457-473X",1802,NA,NA,NA
"1457-4748",1802,NA,NA,NA
"1457-4756",1802,NA,NA,NA
"1457-4888",1802,NA,NA,NA
"0356-1844",1802,NA,NA,NA
"1457-442X",1802,NA,NA,NA
"1457-4837",1802,NA,NA,NA
"1457-4845",1802,NA,NA,NA
"1457-4853",1802,NA,NA,NA
"1457-4861",1802,NA,NA,NA
"1457-4578",1802,NA,NA,NA
"1457-4799",1803,NA,NA,NA
"1457-4829",1803,NA,NA,NA
"1457-4764",1803,NA,NA,NA
"1457-4780",1803,200,NA,NA
"1457-4772",1803,NA,NA,NA
"1457-4802",1803,NA,NA,NA
"0785-398X",1803,NA,NA,NA
"1457-425X",1803,NA,NA,NA
"1457-4276",1803,NA,NA,NA
"0358-6294",1803,NA,NA,NA
"1457-4306",1803,NA,NA,NA
"1457-4314",1803,NA,NA,NA
"1457-4403",1803,NA,NA,NA
"1457-4330",1803,NA,NA,NA
"1457-4349",1803,NA,NA,NA
"1457-4365",1803,NA,NA,NA
"1457-439X",1803,NA,NA,NA
"1457-4411",1803,NA,NA,NA
"1457-4268",1803,NA,NA,NA
"1457-4446",1803,NA,NA,NA
"1457-4462",1803,NA,NA,NA
"1457-4454",1803,NA,NA,NA
"1457-4500",1803,NA,NA,NA
"fk01443",1803,NA,NA,NA
"1457-4373",1803,NA,NA,NA
"1457-4519",1803,NA,NA,NA
"1457-4527",1803,NA,NA,NA
"1457-4535",1803,NA,NA,NA
"1457-4543",1803,NA,NA,NA
"1457-456X",1803,NA,NA,NA
"1457-4608",1803,NA,NA,NA
"1457-4586",1803,NA,NA,NA
"1457-4616",1803,NA,NA,NA
"1457-4624",1803,NA,NA,NA
"1457-4667",1803,NA,NA,NA
"1457-4683",1803,NA,NA,NA
"1457-4683",1803,NA,NA,NA
"1457-4705",1803,NA,NA,NA
"1457-473X",1803,NA,NA,NA
"1457-4748",1803,NA,NA,NA
"1457-4756",1803,NA,NA,NA
"1457-4888",1803,NA,NA,NA
"0356-1844",1803,NA,NA,NA
"1457-442X",1803,NA,NA,NA
"1457-4837",1803,NA,NA,NA
"1457-4845",1803,NA,NA,NA
"1457-4853",1803,NA,NA,NA
"1457-4861",1803,NA,NA,NA
"1457-4578",1803,NA,NA,NA
"1457-4799",1804,NA,NA,NA
"1457-4829",1804,NA,NA,NA
"1457-4764",1804,NA,NA,NA
"1457-4780",1804,200,NA,NA
"1457-4772",1804,NA,NA,NA
"1457-4802",1804,NA,NA,NA
"0785-398X",1804,NA,NA,NA
"1457-425X",1804,NA,NA,NA
"1457-4276",1804,NA,NA,NA
"0358-6294",1804,NA,NA,NA
"1457-4306",1804,NA,NA,NA
"1457-4314",1804,NA,NA,NA
"1457-4403",1804,NA,NA,NA
"1457-4330",1804,NA,NA,NA
"1457-4349",1804,NA,NA,NA
"1457-4365",1804,NA,NA,NA
"1457-439X",1804,NA,NA,NA
"1457-4411",1804,NA,NA,NA
"1457-4268",1804,NA,NA,NA
"1457-4446",1804,NA,NA,NA
"1457-4462",1804,NA,NA,NA
"1457-4454",1804,NA,NA,NA
"1457-4500",1804,NA,NA,NA
"fk01443",1804,NA,NA,NA
"1457-4373",1804,NA,NA,NA
"1457-4519",1804,NA,NA,NA
"1457-4527",1804,NA,NA,NA
"1457-4535",1804,NA,NA,NA
"1457-4543",1804,NA,NA,NA
"1457-456X",1804,NA,NA,NA
"1457-4608",1804,NA,NA,NA
"1457-4586",1804,NA,NA,NA
"1457-4616",1804,NA,NA,NA
"1457-4624",1804,NA,NA,NA
"1457-4667",1804,NA,NA,NA
"1457-4683",1804,NA,NA,NA
"1457-4683",1804,NA,NA,NA
"1457-4705",1804,NA,NA,NA
"1457-473X",1804,NA,NA,NA
"1457-4748",1804,NA,NA,NA
"1457-4756",1804,NA,NA,NA
"1457-4888",1804,NA,NA,NA
"0356-1844",1804,NA,NA,NA
"1457-442X",1804,NA,NA,NA
"1457-4837",1804,NA,NA,NA
"1457-4845",1804,NA,NA,NA
"1457-4853",1804,NA,NA,NA
"1457-4861",1804,NA,NA,NA
"1457-4578",1804,NA,NA,NA
"1457-4799",1805,NA,NA,NA
"1457-4829",1805,NA,NA,NA
"1457-4764",1805,NA,NA,NA
"1457-4780",1805,200,NA,NA
"1457-4772",1805,NA,NA,NA
"1457-4802",1805,NA,NA,NA
"0785-398X",1805,NA,NA,NA
"1457-425X",1805,NA,NA,NA
"1457-4276",1805,NA,NA,NA
"0358-6294",1805,NA,NA,NA
"1457-4306",1805,NA,NA,NA
"1457-4314",1805,NA,NA,NA
"1457-4403",1805,NA,NA,NA
"1457-4330",1805,NA,NA,NA
"1457-4349",1805,NA,NA,NA
"1457-4365",1805,NA,NA,NA
"1457-439X",1805,NA,NA,NA
"1457-4411",1805,NA,NA,NA
"1457-4268",1805,NA,NA,NA
"1457-4446",1805,NA,NA,NA
"1457-4462",1805,NA,NA,NA
"1457-4454",1805,NA,NA,NA
"1457-4500",1805,NA,NA,NA
"fk01443",1805,NA,NA,NA
"1457-4373",1805,NA,NA,NA
"1457-4519",1805,NA,NA,NA
"1457-4527",1805,NA,NA,NA
"1457-4535",1805,NA,NA,NA
"1457-4543",1805,NA,NA,NA
"1457-456X",1805,NA,NA,NA
"1457-4608",1805,NA,NA,NA
"1457-4586",1805,NA,NA,NA
"1457-4616",1805,NA,NA,NA
"1457-4624",1805,NA,NA,NA
"1457-4667",1805,NA,NA,NA
"1457-4683",1805,NA,NA,NA
"1457-4683",1805,NA,NA,NA
"1457-4705",1805,NA,NA,NA
"1457-473X",1805,NA,NA,NA
"1457-4748",1805,NA,NA,NA
"1457-4756",1805,NA,NA,NA
"1457-4888",1805,NA,NA,NA
"0356-1844",1805,NA,NA,NA
"1457-442X",1805,NA,NA,NA
"1457-4837",1805,NA,NA,NA
"1457-4845",1805,NA,NA,NA
"1457-4853",1805,NA,NA,NA
"1457-4861",1805,NA,NA,NA
"1457-4578",1805,NA,NA,NA
"1457-4799",1806,NA,NA,NA
"1457-4829",1806,NA,NA,NA
"1457-4764",1806,NA,NA,NA
"1457-4780",1806,200,NA,NA
"1457-4772",1806,NA,NA,NA
"1457-4802",1806,NA,NA,NA
"0785-398X",1806,NA,NA,NA
"1457-425X",1806,NA,NA,NA
"1457-4276",1806,NA,NA,NA
"0358-6294",1806,NA,NA,NA
"1457-4306",1806,NA,NA,NA
"1457-4314",1806,NA,NA,NA
"1457-4403",1806,NA,NA,NA
"1457-4330",1806,NA,NA,NA
"1457-4349",1806,NA,NA,NA
"1457-4365",1806,NA,NA,NA
"1457-439X",1806,NA,NA,NA
"1457-4411",1806,NA,NA,NA
"1457-4268",1806,NA,NA,NA
"1457-4446",1806,NA,NA,NA
"1457-4462",1806,NA,NA,NA
"1457-4454",1806,NA,NA,NA
"1457-4500",1806,NA,NA,NA
"fk01443",1806,NA,NA,NA
"1457-4373",1806,NA,NA,NA
"1457-4519",1806,NA,NA,NA
"1457-4527",1806,NA,NA,NA
"1457-4535",1806,NA,NA,NA
"1457-4543",1806,NA,NA,NA
"1457-456X",1806,NA,NA,NA
"1457-4608",1806,NA,NA,NA
"1457-4586",1806,NA,NA,NA
"1457-4616",1806,NA,NA,NA
"1457-4624",1806,NA,NA,NA
"1457-4667",1806,NA,NA,NA
"1457-4683",1806,NA,NA,NA
"1457-4683",1806,NA,NA,NA
"1457-4705",1806,NA,NA,NA
"1457-473X",1806,NA,NA,NA
"1457-4748",1806,NA,NA,NA
"1457-4756",1806,NA,NA,NA
"1457-4888",1806,NA,NA,NA
"0356-1844",1806,NA,NA,NA
"1457-442X",1806,NA,NA,NA
"1457-4837",1806,NA,NA,NA
"1457-4845",1806,NA,NA,NA
"1457-4853",1806,NA,NA,NA
"1457-4861",1806,NA,NA,NA
"1457-4578",1806,NA,NA,NA
"1457-4799",1807,NA,NA,NA
"1457-4829",1807,NA,NA,NA
"1457-4764",1807,NA,NA,NA
"1457-4780",1807,200,NA,NA
"1457-4772",1807,NA,NA,NA
"1457-4802",1807,NA,NA,NA
"0785-398X",1807,NA,NA,NA
"1457-425X",1807,NA,NA,NA
"1457-4276",1807,NA,NA,NA
"0358-6294",1807,NA,NA,NA
"1457-4306",1807,NA,NA,NA
"1457-4314",1807,NA,NA,NA
"1457-4403",1807,NA,NA,NA
"1457-4330",1807,NA,NA,NA
"1457-4349",1807,NA,NA,NA
"1457-4365",1807,NA,NA,NA
"1457-439X",1807,NA,NA,NA
"1457-4411",1807,NA,NA,NA
"1457-4268",1807,NA,NA,NA
"1457-4446",1807,NA,NA,NA
"1457-4462",1807,NA,NA,NA
"1457-4454",1807,NA,NA,NA
"1457-4500",1807,NA,NA,NA
"fk01443",1807,NA,NA,NA
"1457-4373",1807,NA,NA,NA
"1457-4519",1807,NA,NA,NA
"1457-4527",1807,NA,NA,NA
"1457-4535",1807,NA,NA,NA
"1457-4543",1807,NA,NA,NA
"1457-456X",1807,NA,NA,NA
"1457-4608",1807,NA,NA,NA
"1457-4586",1807,NA,NA,NA
"1457-4616",1807,NA,NA,NA
"1457-4624",1807,NA,NA,NA
"1457-4667",1807,NA,NA,NA
"1457-4683",1807,NA,NA,NA
"1457-4683",1807,NA,NA,NA
"1457-4705",1807,NA,NA,NA
"1457-473X",1807,NA,NA,NA
"1457-4748",1807,NA,NA,NA
"1457-4756",1807,NA,NA,NA
"1457-4888",1807,NA,NA,NA
"0356-1844",1807,NA,NA,NA
"1457-442X",1807,NA,NA,NA
"1457-4837",1807,NA,NA,NA
"1457-4845",1807,NA,NA,NA
"1457-4853",1807,NA,NA,NA
"1457-4861",1807,NA,NA,NA
"1457-4578",1807,NA,NA,NA
"1457-4799",1808,NA,NA,NA
"1457-4829",1808,NA,NA,NA
"1457-4764",1808,NA,NA,NA
"1457-4780",1808,200,NA,NA
"1457-4772",1808,NA,NA,NA
"1457-4802",1808,NA,NA,NA
"0785-398X",1808,NA,NA,NA
"1457-425X",1808,NA,NA,NA
"1457-4276",1808,NA,NA,NA
"0358-6294",1808,NA,NA,NA
"1457-4306",1808,NA,NA,NA
"1457-4314",1808,NA,NA,NA
"1457-4403",1808,NA,NA,NA
"1457-4330",1808,NA,NA,NA
"1457-4349",1808,NA,NA,NA
"1457-4365",1808,NA,NA,NA
"1457-439X",1808,NA,NA,NA
"1457-4411",1808,NA,NA,NA
"1457-4268",1808,NA,NA,NA
"1457-4446",1808,NA,NA,NA
"1457-4462",1808,NA,NA,NA
"1457-4454",1808,NA,NA,NA
"1457-4500",1808,NA,NA,NA
"fk01443",1808,NA,NA,NA
"1457-4373",1808,NA,NA,NA
"1457-4519",1808,NA,NA,NA
"1457-4527",1808,NA,NA,NA
"1457-4535",1808,NA,NA,NA
"1457-4543",1808,NA,NA,NA
"1457-456X",1808,NA,NA,NA
"1457-4608",1808,NA,NA,NA
"1457-4586",1808,NA,NA,NA
"1457-4616",1808,NA,NA,NA
"1457-4624",1808,NA,NA,NA
"1457-4667",1808,NA,NA,NA
"1457-4683",1808,NA,NA,NA
"1457-4683",1808,NA,NA,NA
"1457-4705",1808,NA,NA,NA
"1457-473X",1808,NA,NA,NA
"1457-4748",1808,NA,NA,NA
"1457-4756",1808,NA,NA,NA
"1457-4888",1808,NA,NA,NA
"0356-1844",1808,NA,NA,NA
"1457-442X",1808,NA,NA,NA
"1457-4837",1808,NA,NA,NA
"1457-4845",1808,NA,NA,NA
"1457-4853",1808,NA,NA,NA
"1457-4861",1808,NA,NA,NA
"1457-4578",1808,NA,NA,NA
"1457-4799",1809,NA,NA,NA
"1457-4829",1809,NA,NA,NA
"1457-4764",1809,NA,NA,NA
"1457-4780",1809,200,NA,NA
"1457-4772",1809,NA,NA,NA
"1457-4802",1809,NA,NA,NA
"0785-398X",1809,NA,NA,NA
"1457-425X",1809,NA,NA,NA
"1457-4276",1809,NA,NA,NA
"0358-6294",1809,NA,NA,NA
"1457-4306",1809,NA,NA,NA
"1457-4314",1809,NA,NA,NA
"1457-4403",1809,NA,NA,NA
"1457-4330",1809,NA,NA,NA
"1457-4349",1809,NA,NA,NA
"1457-4365",1809,NA,NA,NA
"1457-439X",1809,NA,NA,NA
"1457-4411",1809,NA,NA,NA
"1457-4268",1809,NA,NA,NA
"1457-4446",1809,NA,NA,NA
"1457-4462",1809,NA,NA,NA
"1457-4454",1809,NA,NA,NA
"1457-4500",1809,NA,NA,NA
"fk01443",1809,NA,NA,NA
"1457-4373",1809,NA,NA,NA
"1457-4519",1809,NA,NA,NA
"1457-4527",1809,NA,NA,NA
"1457-4535",1809,NA,NA,NA
"1457-4543",1809,NA,NA,NA
"1457-456X",1809,NA,NA,NA
"1457-4608",1809,NA,NA,NA
"1457-4586",1809,NA,NA,NA
"1457-4616",1809,NA,NA,NA
"1457-4624",1809,NA,NA,NA
"1457-4667",1809,NA,NA,NA
"1457-4683",1809,NA,NA,NA
"1457-4683",1809,NA,NA,NA
"1457-4705",1809,NA,NA,NA
"1457-473X",1809,NA,NA,NA
"1457-4748",1809,NA,NA,NA
"1457-4756",1809,NA,NA,NA
"1457-4888",1809,NA,NA,NA
"0356-1844",1809,NA,NA,NA
"1457-442X",1809,NA,NA,NA
"1457-4837",1809,NA,NA,NA
"1457-4845",1809,NA,NA,NA
"1457-4853",1809,NA,NA,NA
"1457-4861",1809,NA,NA,NA
"1457-4578",1809,NA,NA,NA
"1457-4799",1810,374,NA,NA
"1457-4829",1810,NA,NA,NA
"1457-4764",1810,NA,NA,NA
"1457-4780",1810,NA,NA,NA
"1457-4772",1810,NA,NA,NA
"1457-4802",1810,NA,NA,NA
"0785-398X",1810,NA,NA,NA
"1457-425X",1810,NA,NA,NA
"1457-4276",1810,NA,NA,NA
"0358-6294",1810,NA,NA,NA
"1457-4306",1810,NA,NA,NA
"1457-4314",1810,NA,NA,NA
"1457-4403",1810,NA,NA,NA
"1457-4330",1810,NA,NA,NA
"1457-4349",1810,NA,NA,NA
"1457-4365",1810,NA,NA,NA
"1457-439X",1810,NA,NA,NA
"1457-4411",1810,NA,NA,NA
"1457-4268",1810,NA,NA,NA
"1457-4446",1810,NA,NA,NA
"1457-4462",1810,NA,NA,NA
"1457-4454",1810,NA,NA,NA
"1457-4500",1810,NA,NA,NA
"fk01443",1810,NA,NA,NA
"1457-4373",1810,NA,NA,NA
"1457-4519",1810,NA,NA,NA
"1457-4527",1810,NA,NA,NA
"1457-4535",1810,NA,NA,NA
"1457-4543",1810,NA,NA,NA
"1457-456X",1810,NA,NA,NA
"1457-4608",1810,NA,NA,NA
"1457-4586",1810,NA,NA,NA
"1457-4616",1810,NA,NA,NA
"1457-4624",1810,NA,NA,NA
"1457-4667",1810,NA,NA,NA
"1457-4683",1810,NA,NA,NA
"1457-4683",1810,NA,NA,NA
"1457-4705",1810,NA,NA,NA
"1457-473X",1810,NA,NA,NA
"1457-4748",1810,NA,NA,NA
"1457-4756",1810,NA,NA,NA
"1457-4888",1810,NA,NA,NA
"0356-1844",1810,NA,NA,NA
"1457-442X",1810,NA,NA,NA
"1457-4837",1810,NA,NA,NA
"1457-4845",1810,NA,NA,NA
"1457-4853",1810,NA,NA,NA
"1457-4861",1810,NA,NA,NA
"1457-4578",1810,NA,NA,NA
"1457-4799",1811,374,NA,NA
"1457-4829",1811,NA,NA,NA
"1457-4764",1811,NA,NA,NA
"1457-4780",1811,NA,NA,NA
"1457-4772",1811,NA,NA,NA
"1457-4802",1811,NA,NA,NA
"0785-398X",1811,NA,NA,NA
"1457-425X",1811,NA,NA,NA
"1457-4276",1811,NA,NA,NA
"0358-6294",1811,NA,NA,NA
"1457-4306",1811,NA,NA,NA
"1457-4314",1811,NA,NA,NA
"1457-4403",1811,NA,NA,NA
"1457-4330",1811,NA,NA,NA
"1457-4349",1811,NA,NA,NA
"1457-4365",1811,NA,NA,NA
"1457-439X",1811,NA,NA,NA
"1457-4411",1811,NA,NA,NA
"1457-4268",1811,NA,NA,NA
"1457-4446",1811,NA,NA,NA
"1457-4462",1811,NA,NA,NA
"1457-4454",1811,NA,NA,NA
"1457-4500",1811,NA,NA,NA
"fk01443",1811,NA,NA,NA
"1457-4373",1811,NA,NA,NA
"1457-4519",1811,NA,NA,NA
"1457-4527",1811,NA,NA,NA
"1457-4535",1811,NA,NA,NA
"1457-4543",1811,NA,NA,NA
"1457-456X",1811,NA,NA,NA
"1457-4608",1811,NA,NA,NA
"1457-4586",1811,NA,NA,NA
"1457-4616",1811,NA,NA,NA
"1457-4624",1811,NA,NA,NA
"1457-4667",1811,NA,NA,NA
"1457-4683",1811,NA,NA,NA
"1457-4683",1811,NA,NA,NA
"1457-4705",1811,NA,NA,NA
"1457-473X",1811,NA,NA,NA
"1457-4748",1811,NA,NA,NA
"1457-4756",1811,NA,NA,NA
"1457-4888",1811,NA,NA,NA
"0356-1844",1811,NA,NA,NA
"1457-442X",1811,NA,NA,NA
"1457-4837",1811,NA,NA,NA
"1457-4845",1811,NA,NA,NA
"1457-4853",1811,NA,NA,NA
"1457-4861",1811,NA,NA,NA
"1457-4578",1811,NA,NA,NA
"1457-4799",1812,374,NA,NA
"1457-4829",1812,NA,NA,NA
"1457-4764",1812,NA,NA,NA
"1457-4780",1812,NA,NA,NA
"1457-4772",1812,NA,NA,NA
"1457-4802",1812,NA,NA,NA
"0785-398X",1812,NA,NA,NA
"1457-425X",1812,NA,NA,NA
"1457-4276",1812,NA,NA,NA
"0358-6294",1812,NA,NA,NA
"1457-4306",1812,NA,NA,NA
"1457-4314",1812,NA,NA,NA
"1457-4403",1812,NA,NA,NA
"1457-4330",1812,NA,NA,NA
"1457-4349",1812,NA,NA,NA
"1457-4365",1812,NA,NA,NA
"1457-439X",1812,NA,NA,NA
"1457-4411",1812,NA,NA,NA
"1457-4268",1812,NA,NA,NA
"1457-4446",1812,NA,NA,NA
"1457-4462",1812,NA,NA,NA
"1457-4454",1812,NA,NA,NA
"1457-4500",1812,NA,NA,NA
"fk01443",1812,NA,NA,NA
"1457-4373",1812,NA,NA,NA
"1457-4519",1812,NA,NA,NA
"1457-4527",1812,NA,NA,NA
"1457-4535",1812,NA,NA,NA
"1457-4543",1812,NA,NA,NA
"1457-456X",1812,NA,NA,NA
"1457-4608",1812,NA,NA,NA
"1457-4586",1812,NA,NA,NA
"1457-4616",1812,NA,NA,NA
"1457-4624",1812,NA,NA,NA
"1457-4667",1812,NA,NA,NA
"1457-4683",1812,NA,NA,NA
"1457-4683",1812,NA,NA,NA
"1457-4705",1812,NA,NA,NA
"1457-473X",1812,NA,NA,NA
"1457-4748",1812,NA,NA,NA
"1457-4756",1812,NA,NA,NA
"1457-4888",1812,NA,NA,NA
"0356-1844",1812,NA,NA,NA
"1457-442X",1812,NA,NA,NA
"1457-4837",1812,NA,NA,NA
"1457-4845",1812,NA,NA,NA
"1457-4853",1812,NA,NA,NA
"1457-4861",1812,NA,NA,NA
"1457-4578",1812,NA,NA,NA
"1457-4799",1813,430,NA,NA
"1457-4829",1813,NA,NA,NA
"1457-4764",1813,NA,NA,NA
"1457-4780",1813,NA,NA,NA
"1457-4772",1813,NA,NA,NA
"1457-4802",1813,NA,NA,NA
"0785-398X",1813,NA,NA,NA
"1457-425X",1813,NA,NA,NA
"1457-4276",1813,NA,NA,NA
"0358-6294",1813,NA,NA,NA
"1457-4306",1813,NA,NA,NA
"1457-4314",1813,NA,NA,NA
"1457-4403",1813,NA,NA,NA
"1457-4330",1813,NA,NA,NA
"1457-4349",1813,NA,NA,NA
"1457-4365",1813,NA,NA,NA
"1457-439X",1813,NA,NA,NA
"1457-4411",1813,NA,NA,NA
"1457-4268",1813,NA,NA,NA
"1457-4446",1813,NA,NA,NA
"1457-4462",1813,NA,NA,NA
"1457-4454",1813,NA,NA,NA
"1457-4500",1813,NA,NA,NA
"fk01443",1813,NA,NA,NA
"1457-4373",1813,NA,NA,NA
"1457-4519",1813,NA,NA,NA
"1457-4527",1813,NA,NA,NA
"1457-4535",1813,NA,NA,NA
"1457-4543",1813,NA,NA,NA
"1457-456X",1813,NA,NA,NA
"1457-4608",1813,NA,NA,NA
"1457-4586",1813,NA,NA,NA
"1457-4616",1813,NA,NA,NA
"1457-4624",1813,NA,NA,NA
"1457-4667",1813,NA,NA,NA
"1457-4683",1813,NA,NA,NA
"1457-4683",1813,NA,NA,NA
"1457-4705",1813,NA,NA,NA
"1457-473X",1813,NA,NA,NA
"1457-4748",1813,NA,NA,NA
"1457-4756",1813,NA,NA,NA
"1457-4888",1813,NA,NA,NA
"0356-1844",1813,NA,NA,NA
"1457-442X",1813,NA,NA,NA
"1457-4837",1813,NA,NA,NA
"1457-4845",1813,NA,NA,NA
"1457-4853",1813,NA,NA,NA
"1457-4861",1813,NA,NA,NA
"1457-4578",1813,NA,NA,NA
"1457-4799",1814,480,NA,NA
"1457-4829",1814,NA,NA,NA
"1457-4764",1814,NA,NA,NA
"1457-4780",1814,NA,NA,NA
"1457-4772",1814,NA,NA,NA
"1457-4802",1814,NA,NA,NA
"0785-398X",1814,NA,NA,NA
"1457-425X",1814,NA,NA,NA
"1457-4276",1814,NA,NA,NA
"0358-6294",1814,NA,NA,NA
"1457-4306",1814,NA,NA,NA
"1457-4314",1814,NA,NA,NA
"1457-4403",1814,NA,NA,NA
"1457-4330",1814,NA,NA,NA
"1457-4349",1814,NA,NA,NA
"1457-4365",1814,NA,NA,NA
"1457-439X",1814,NA,NA,NA
"1457-4411",1814,NA,NA,NA
"1457-4268",1814,NA,NA,NA
"1457-4446",1814,NA,NA,NA
"1457-4462",1814,NA,NA,NA
"1457-4454",1814,NA,NA,NA
"1457-4500",1814,NA,NA,NA
"fk01443",1814,NA,NA,NA
"1457-4373",1814,NA,NA,NA
"1457-4519",1814,NA,NA,NA
"1457-4527",1814,NA,NA,NA
"1457-4535",1814,NA,NA,NA
"1457-4543",1814,NA,NA,NA
"1457-456X",1814,NA,NA,NA
"1457-4608",1814,NA,NA,NA
"1457-4586",1814,NA,NA,NA
"1457-4616",1814,NA,NA,NA
"1457-4624",1814,NA,NA,NA
"1457-4667",1814,NA,NA,NA
"1457-4683",1814,NA,NA,NA
"1457-4683",1814,NA,NA,NA
"1457-4705",1814,NA,NA,NA
"1457-473X",1814,NA,NA,NA
"1457-4748",1814,NA,NA,NA
"1457-4756",1814,NA,NA,NA
"1457-4888",1814,NA,NA,NA
"0356-1844",1814,NA,NA,NA
"1457-442X",1814,NA,NA,NA
"1457-4837",1814,NA,NA,NA
"1457-4845",1814,NA,NA,NA
"1457-4853",1814,NA,NA,NA
"1457-4861",1814,NA,NA,NA
"1457-4578",1814,NA,NA,NA
"1457-4799",1815,486,NA,NA
"1457-4829",1815,NA,NA,NA
"1457-4764",1815,NA,NA,NA
"1457-4780",1815,NA,NA,NA
"1457-4772",1815,NA,NA,NA
"1457-4802",1815,NA,NA,NA
"0785-398X",1815,NA,NA,NA
"1457-425X",1815,NA,NA,NA
"1457-4276",1815,NA,NA,NA
"0358-6294",1815,NA,NA,NA
"1457-4306",1815,NA,NA,NA
"1457-4314",1815,NA,NA,NA
"1457-4403",1815,NA,NA,NA
"1457-4330",1815,NA,NA,NA
"1457-4349",1815,NA,NA,NA
"1457-4365",1815,NA,NA,NA
"1457-439X",1815,NA,NA,NA
"1457-4411",1815,NA,NA,NA
"1457-4268",1815,NA,NA,NA
"1457-4446",1815,NA,NA,NA
"1457-4462",1815,NA,NA,NA
"1457-4454",1815,NA,NA,NA
"1457-4500",1815,NA,NA,NA
"fk01443",1815,NA,NA,NA
"1457-4373",1815,NA,NA,NA
"1457-4519",1815,NA,NA,NA
"1457-4527",1815,NA,NA,NA
"1457-4535",1815,NA,NA,NA
"1457-4543",1815,NA,NA,NA
"1457-456X",1815,NA,NA,NA
"1457-4608",1815,NA,NA,NA
"1457-4586",1815,NA,NA,NA
"1457-4616",1815,NA,NA,NA
"1457-4624",1815,NA,NA,NA
"1457-4667",1815,NA,NA,NA
"1457-4683",1815,NA,NA,NA
"1457-4683",1815,NA,NA,NA
"1457-4705",1815,NA,NA,NA
"1457-473X",1815,NA,NA,NA
"1457-4748",1815,NA,NA,NA
"1457-4756",1815,NA,NA,NA
"1457-4888",1815,NA,NA,NA
"0356-1844",1815,NA,NA,NA
"1457-442X",1815,NA,NA,NA
"1457-4837",1815,NA,NA,NA
"1457-4845",1815,NA,NA,NA
"1457-4853",1815,NA,NA,NA
"1457-4861",1815,NA,NA,NA
"1457-4578",1815,NA,NA,NA
"1457-4799",1816,507,NA,NA
"1457-4829",1816,NA,NA,NA
"1457-4764",1816,NA,NA,NA
"1457-4780",1816,NA,NA,NA
"1457-4772",1816,NA,NA,NA
"1457-4802",1816,NA,NA,NA
"0785-398X",1816,NA,NA,NA
"1457-425X",1816,NA,NA,NA
"1457-4276",1816,NA,NA,NA
"0358-6294",1816,NA,NA,NA
"1457-4306",1816,NA,NA,NA
"1457-4314",1816,NA,NA,NA
"1457-4403",1816,NA,NA,NA
"1457-4330",1816,NA,NA,NA
"1457-4349",1816,NA,NA,NA
"1457-4365",1816,NA,NA,NA
"1457-439X",1816,NA,NA,NA
"1457-4411",1816,NA,NA,NA
"1457-4268",1816,NA,NA,NA
"1457-4446",1816,NA,NA,NA
"1457-4462",1816,NA,NA,NA
"1457-4454",1816,NA,NA,NA
"1457-4500",1816,NA,NA,NA
"fk01443",1816,NA,NA,NA
"1457-4373",1816,NA,NA,NA
"1457-4519",1816,NA,NA,NA
"1457-4527",1816,NA,NA,NA
"1457-4535",1816,NA,NA,NA
"1457-4543",1816,NA,NA,NA
"1457-456X",1816,NA,NA,NA
"1457-4608",1816,NA,NA,NA
"1457-4586",1816,NA,NA,NA
"1457-4616",1816,NA,NA,NA
"1457-4624",1816,NA,NA,NA
"1457-4667",1816,NA,NA,NA
"1457-4683",1816,NA,NA,NA
"1457-4683",1816,NA,NA,NA
"1457-4705",1816,NA,NA,NA
"1457-473X",1816,NA,NA,NA
"1457-4748",1816,NA,NA,NA
"1457-4756",1816,NA,NA,NA
"1457-4888",1816,NA,NA,NA
"0356-1844",1816,NA,NA,NA
"1457-442X",1816,NA,NA,NA
"1457-4837",1816,NA,NA,NA
"1457-4845",1816,NA,NA,NA
"1457-4853",1816,NA,NA,NA
"1457-4861",1816,NA,NA,NA
"1457-4578",1816,NA,NA,NA
"1457-4799",1817,501,"COMHIS collective","approximate"
"1457-4829",1817,NA,NA,NA
"1457-4764",1817,NA,NA,NA
"1457-4780",1817,NA,NA,NA
"1457-4772",1817,NA,NA,NA
"1457-4802",1817,NA,NA,NA
"0785-398X",1817,NA,NA,NA
"1457-425X",1817,NA,NA,NA
"1457-4276",1817,NA,NA,NA
"0358-6294",1817,NA,NA,NA
"1457-4306",1817,NA,NA,NA
"1457-4314",1817,NA,NA,NA
"1457-4403",1817,NA,NA,NA
"1457-4330",1817,NA,NA,NA
"1457-4349",1817,NA,NA,NA
"1457-4365",1817,NA,NA,NA
"1457-439X",1817,NA,NA,NA
"1457-4411",1817,NA,NA,NA
"1457-4268",1817,NA,NA,NA
"1457-4446",1817,NA,NA,NA
"1457-4462",1817,NA,NA,NA
"1457-4454",1817,NA,NA,NA
"1457-4500",1817,NA,NA,NA
"fk01443",1817,NA,NA,NA
"1457-4373",1817,NA,NA,NA
"1457-4519",1817,NA,NA,NA
"1457-4527",1817,NA,NA,NA
"1457-4535",1817,NA,NA,NA
"1457-4543",1817,NA,NA,NA
"1457-456X",1817,NA,NA,NA
"1457-4608",1817,NA,NA,NA
"1457-4586",1817,NA,NA,NA
"1457-4616",1817,NA,NA,NA
"1457-4624",1817,NA,NA,NA
"1457-4667",1817,NA,NA,NA
"1457-4683",1817,NA,NA,NA
"1457-4683",1817,NA,NA,NA
"1457-4705",1817,NA,NA,NA
"1457-473X",1817,NA,NA,NA
"1457-4748",1817,NA,NA,NA
"1457-4756",1817,NA,NA,NA
"1457-4888",1817,NA,NA,NA
"0356-1844",1817,NA,NA,NA
"1457-442X",1817,NA,NA,NA
"1457-4837",1817,NA,NA,NA
"1457-4845",1817,NA,NA,NA
"1457-4853",1817,NA,NA,NA
"1457-4861",1817,NA,NA,NA
"1457-4578",1817,NA,NA,NA
"1457-4799",1818,501,"COMHIS collective","approximate"
"1457-4829",1818,NA,NA,NA
"1457-4764",1818,NA,NA,NA
"1457-4780",1818,NA,NA,NA
"1457-4772",1818,NA,NA,NA
"1457-4802",1818,NA,NA,NA
"0785-398X",1818,NA,NA,NA
"1457-425X",1818,NA,NA,NA
"1457-4276",1818,NA,NA,NA
"0358-6294",1818,NA,NA,NA
"1457-4306",1818,NA,NA,NA
"1457-4314",1818,NA,NA,NA
"1457-4403",1818,NA,NA,NA
"1457-4330",1818,NA,NA,NA
"1457-4349",1818,NA,NA,NA
"1457-4365",1818,NA,NA,NA
"1457-439X",1818,NA,NA,NA
"1457-4411",1818,NA,NA,NA
"1457-4268",1818,NA,NA,NA
"1457-4446",1818,NA,NA,NA
"1457-4462",1818,NA,NA,NA
"1457-4454",1818,NA,NA,NA
"1457-4500",1818,NA,NA,NA
"fk01443",1818,NA,NA,NA
"1457-4373",1818,NA,NA,NA
"1457-4519",1818,NA,NA,NA
"1457-4527",1818,NA,NA,NA
"1457-4535",1818,NA,NA,NA
"1457-4543",1818,NA,NA,NA
"1457-456X",1818,NA,NA,NA
"1457-4608",1818,NA,NA,NA
"1457-4586",1818,NA,NA,NA
"1457-4616",1818,NA,NA,NA
"1457-4624",1818,NA,NA,NA
"1457-4667",1818,NA,NA,NA
"1457-4683",1818,NA,NA,NA
"1457-4683",1818,NA,NA,NA
"1457-4705",1818,NA,NA,NA
"1457-473X",1818,NA,NA,NA
"1457-4748",1818,NA,NA,NA
"1457-4756",1818,NA,NA,NA
"1457-4888",1818,NA,NA,NA
"0356-1844",1818,NA,NA,NA
"1457-442X",1818,NA,NA,NA
"1457-4837",1818,NA,NA,NA
"1457-4845",1818,NA,NA,NA
"1457-4853",1818,NA,NA,NA
"1457-4861",1818,NA,NA,NA
"1457-4578",1818,NA,NA,NA
"1457-4799",1819,495,NA,NA
"1457-4829",1819,NA,NA,NA
"1457-4764",1819,NA,NA,NA
"1457-4780",1819,NA,NA,NA
"1457-4772",1819,NA,NA,NA
"1457-4802",1819,NA,NA,NA
"0785-398X",1819,NA,NA,NA
"1457-425X",1819,NA,NA,NA
"1457-4276",1819,NA,NA,NA
"0358-6294",1819,NA,NA,NA
"1457-4306",1819,NA,NA,NA
"1457-4314",1819,NA,NA,NA
"1457-4403",1819,NA,NA,NA
"1457-4330",1819,NA,NA,NA
"1457-4349",1819,NA,NA,NA
"1457-4365",1819,NA,NA,NA
"1457-439X",1819,NA,NA,NA
"1457-4411",1819,NA,NA,NA
"1457-4268",1819,NA,NA,NA
"1457-4446",1819,NA,NA,NA
"1457-4462",1819,NA,NA,NA
"1457-4454",1819,NA,NA,NA
"1457-4500",1819,NA,NA,NA
"fk01443",1819,NA,NA,NA
"1457-4373",1819,NA,NA,NA
"1457-4519",1819,NA,NA,NA
"1457-4527",1819,NA,NA,NA
"1457-4535",1819,NA,NA,NA
"1457-4543",1819,NA,NA,NA
"1457-456X",1819,NA,NA,NA
"1457-4608",1819,NA,NA,NA
"1457-4586",1819,NA,NA,NA
"1457-4616",1819,NA,NA,NA
"1457-4624",1819,NA,NA,NA
"1457-4667",1819,NA,NA,NA
"1457-4683",1819,NA,NA,NA
"1457-4683",1819,NA,NA,NA
"1457-4705",1819,NA,NA,NA
"1457-473X",1819,NA,NA,NA
"1457-4748",1819,NA,NA,NA
"1457-4756",1819,NA,NA,NA
"1457-4888",1819,NA,NA,NA
"0356-1844",1819,NA,NA,NA
"1457-442X",1819,NA,NA,NA
"1457-4837",1819,NA,NA,NA
"1457-4845",1819,NA,NA,NA
"1457-4853",1819,NA,NA,NA
"1457-4861",1819,NA,NA,NA
"1457-4578",1819,NA,NA,NA
"1457-4799",1820,NA,NA,NA
"1457-4829",1820,NA,NA,NA
"1457-4764",1820,NA,NA,NA
"1457-4780",1820,NA,NA,NA
"1457-4772",1820,NA,NA,NA
"1457-4802",1820,281,NA,NA
"0785-398X",1820,NA,NA,NA
"1457-425X",1820,NA,NA,NA
"1457-4276",1820,NA,NA,NA
"0358-6294",1820,NA,NA,NA
"1457-4306",1820,NA,NA,NA
"1457-4314",1820,695,"Päiviö Tommila","certain"
"1457-4403",1820,NA,NA,NA
"1457-4330",1820,NA,NA,NA
"1457-4349",1820,NA,NA,NA
"1457-4365",1820,NA,NA,NA
"1457-439X",1820,NA,NA,NA
"1457-4411",1820,NA,NA,NA
"1457-4268",1820,NA,NA,NA
"1457-4446",1820,NA,NA,NA
"1457-4462",1820,NA,NA,NA
"1457-4454",1820,NA,NA,NA
"1457-4500",1820,NA,NA,NA
"fk01443",1820,NA,NA,NA
"1457-4373",1820,NA,NA,NA
"1457-4519",1820,NA,NA,NA
"1457-4527",1820,NA,NA,NA
"1457-4535",1820,NA,NA,NA
"1457-4543",1820,NA,NA,NA
"1457-456X",1820,NA,NA,NA
"1457-4608",1820,NA,NA,NA
"1457-4586",1820,NA,NA,NA
"1457-4616",1820,NA,NA,NA
"1457-4624",1820,NA,NA,NA
"1457-4667",1820,NA,NA,NA
"1457-4683",1820,NA,NA,NA
"1457-4683",1820,NA,NA,NA
"1457-4705",1820,NA,NA,NA
"1457-473X",1820,NA,NA,NA
"1457-4748",1820,NA,NA,NA
"1457-4756",1820,NA,NA,NA
"1457-4888",1820,1625,NA,NA
"0356-1844",1820,NA,NA,NA
"1457-442X",1820,NA,NA,NA
"1457-4837",1820,NA,NA,NA
"1457-4845",1820,NA,NA,NA
"1457-4853",1820,NA,NA,NA
"1457-4861",1820,NA,NA,NA
"1457-4578",1820,NA,NA,NA
"1457-4799",1821,NA,NA,NA
"1457-4829",1821,285,NA,NA
"1457-4764",1821,NA,NA,NA
"1457-4780",1821,NA,NA,NA
"1457-4772",1821,NA,NA,NA
"1457-4802",1821,278,NA,NA
"0785-398X",1821,NA,NA,NA
"1457-425X",1821,NA,NA,NA
"1457-4276",1821,NA,NA,NA
"0358-6294",1821,NA,NA,NA
"1457-4306",1821,NA,NA,NA
"1457-4314",1821,577,"Päiviö Tommila","certain"
"1457-4403",1821,NA,NA,NA
"1457-4330",1821,NA,NA,NA
"1457-4349",1821,NA,NA,NA
"1457-4365",1821,NA,NA,NA
"1457-439X",1821,NA,NA,NA
"1457-4411",1821,NA,NA,NA
"1457-4268",1821,NA,NA,NA
"1457-4446",1821,NA,NA,NA
"1457-4462",1821,NA,NA,NA
"1457-4454",1821,NA,NA,NA
"1457-4500",1821,NA,NA,NA
"fk01443",1821,NA,NA,NA
"1457-4373",1821,NA,NA,NA
"1457-4519",1821,NA,NA,NA
"1457-4527",1821,NA,NA,NA
"1457-4535",1821,NA,NA,NA
"1457-4543",1821,NA,NA,NA
"1457-456X",1821,NA,NA,NA
"1457-4608",1821,NA,NA,NA
"1457-4586",1821,NA,NA,NA
"1457-4616",1821,NA,NA,NA
"1457-4624",1821,NA,NA,NA
"1457-4667",1821,NA,NA,NA
"1457-4683",1821,NA,NA,NA
"1457-4683",1821,NA,NA,NA
"1457-4705",1821,NA,NA,NA
"1457-473X",1821,NA,NA,NA
"1457-4748",1821,NA,NA,NA
"1457-4756",1821,NA,NA,NA
"1457-4888",1821,970,"Päiviö Tommila","certain"
"0356-1844",1821,NA,NA,NA
"1457-442X",1821,NA,NA,NA
"1457-4837",1821,NA,NA,NA
"1457-4845",1821,NA,NA,NA
"1457-4853",1821,NA,NA,NA
"1457-4861",1821,15,"COMHIS collective","approximate"
"1457-4578",1821,NA,NA,NA
"1457-4799",1822,NA,NA,NA
"1457-4829",1822,NA,NA,NA
"1457-4764",1822,NA,NA,NA
"1457-4780",1822,NA,NA,NA
"1457-4772",1822,NA,NA,NA
"1457-4802",1822,275,NA,NA
"0785-398X",1822,NA,NA,NA
"1457-425X",1822,NA,NA,NA
"1457-4276",1822,NA,NA,NA
"0358-6294",1822,NA,NA,NA
"1457-4306",1822,NA,NA,NA
"1457-4314",1822,635,"Päiviö Tommila","certain"
"1457-4403",1822,NA,NA,NA
"1457-4330",1822,NA,NA,NA
"1457-4349",1822,NA,NA,NA
"1457-4365",1822,NA,NA,NA
"1457-439X",1822,NA,NA,NA
"1457-4411",1822,NA,NA,NA
"1457-4268",1822,NA,NA,NA
"1457-4446",1822,NA,NA,NA
"1457-4462",1822,NA,NA,NA
"1457-4454",1822,NA,NA,NA
"1457-4500",1822,NA,NA,NA
"fk01443",1822,NA,NA,NA
"1457-4373",1822,NA,NA,NA
"1457-4519",1822,NA,NA,NA
"1457-4527",1822,NA,NA,NA
"1457-4535",1822,NA,NA,NA
"1457-4543",1822,NA,NA,NA
"1457-456X",1822,NA,NA,NA
"1457-4608",1822,NA,NA,NA
"1457-4586",1822,NA,NA,NA
"1457-4616",1822,NA,NA,NA
"1457-4624",1822,NA,NA,NA
"1457-4667",1822,NA,NA,NA
"1457-4683",1822,NA,NA,NA
"1457-4683",1822,NA,NA,NA
"1457-4705",1822,NA,NA,NA
"1457-473X",1822,NA,NA,NA
"1457-4748",1822,NA,NA,NA
"1457-4756",1822,NA,NA,NA
"1457-4888",1822,739,"Päiviö Tommila","certain"
"0356-1844",1822,NA,NA,NA
"1457-442X",1822,NA,NA,NA
"1457-4837",1822,NA,NA,NA
"1457-4845",1822,NA,NA,NA
"1457-4853",1822,NA,NA,NA
"1457-4861",1822,NA,NA,NA
"1457-4578",1822,NA,NA,NA
"1457-4799",1823,NA,NA,NA
"1457-4829",1823,NA,NA,NA
"1457-4764",1823,NA,NA,NA
"1457-4780",1823,NA,NA,NA
"1457-4772",1823,NA,NA,NA
"1457-4802",1823,265,"COMHIS collective","approximate"
"0785-398X",1823,NA,NA,NA
"1457-425X",1823,NA,NA,NA
"1457-4276",1823,NA,NA,NA
"0358-6294",1823,NA,NA,NA
"1457-4306",1823,NA,NA,NA
"1457-4314",1823,640,"COMHIS collective","approximate"
"1457-4403",1823,NA,NA,NA
"1457-4330",1823,NA,NA,NA
"1457-4349",1823,NA,NA,NA
"1457-4365",1823,NA,NA,NA
"1457-439X",1823,NA,NA,NA
"1457-4411",1823,NA,NA,NA
"1457-4268",1823,NA,NA,NA
"1457-4446",1823,NA,NA,NA
"1457-4462",1823,NA,NA,NA
"1457-4454",1823,NA,NA,NA
"1457-4500",1823,NA,NA,NA
"fk01443",1823,NA,NA,NA
"1457-4373",1823,NA,NA,NA
"1457-4519",1823,NA,NA,NA
"1457-4527",1823,NA,NA,NA
"1457-4535",1823,NA,NA,NA
"1457-4543",1823,NA,NA,NA
"1457-456X",1823,NA,NA,NA
"1457-4608",1823,NA,NA,NA
"1457-4586",1823,NA,NA,NA
"1457-4616",1823,NA,NA,NA
"1457-4624",1823,NA,NA,NA
"1457-4667",1823,NA,NA,NA
"1457-4683",1823,NA,NA,NA
"1457-4683",1823,NA,NA,NA
"1457-4705",1823,NA,NA,NA
"1457-473X",1823,NA,NA,NA
"1457-4748",1823,NA,NA,NA
"1457-4756",1823,NA,NA,NA
"1457-4888",1823,535,"COMHIS collective","approximate"
"0356-1844",1823,NA,NA,NA
"1457-442X",1823,NA,NA,NA
"1457-4837",1823,NA,NA,NA
"1457-4845",1823,NA,NA,NA
"1457-4853",1823,NA,NA,NA
"1457-4861",1823,NA,NA,NA
"1457-4578",1823,14,"COMHIS collective","approximate"
"1457-4799",1824,NA,NA,NA
"1457-4829",1824,NA,NA,NA
"1457-4764",1824,NA,NA,NA
"1457-4780",1824,NA,NA,NA
"1457-4772",1824,NA,NA,NA
"1457-4802",1824,256,"Päiviö Tommila","certain"
"0785-398X",1824,115,"Päiviö Tommila","certain"
"1457-425X",1824,NA,NA,NA
"1457-4276",1824,NA,NA,NA
"0358-6294",1824,NA,NA,NA
"1457-4306",1824,NA,NA,NA
"1457-4314",1824,646,"Päiviö Tommila","certain"
"1457-4403",1824,NA,NA,NA
"1457-4330",1824,NA,NA,NA
"1457-4349",1824,NA,NA,NA
"1457-4365",1824,NA,NA,NA
"1457-439X",1824,NA,NA,NA
"1457-4411",1824,NA,NA,NA
"1457-4268",1824,NA,NA,NA
"1457-4446",1824,NA,NA,NA
"1457-4462",1824,NA,NA,NA
"1457-4454",1824,NA,NA,NA
"1457-4500",1824,NA,NA,NA
"fk01443",1824,NA,NA,NA
"1457-4373",1824,NA,NA,NA
"1457-4519",1824,NA,NA,NA
"1457-4527",1824,NA,NA,NA
"1457-4535",1824,NA,NA,NA
"1457-4543",1824,NA,NA,NA
"1457-456X",1824,NA,NA,NA
"1457-4608",1824,NA,NA,NA
"1457-4586",1824,NA,NA,NA
"1457-4616",1824,NA,NA,NA
"1457-4624",1824,NA,NA,NA
"1457-4667",1824,NA,NA,NA
"1457-4683",1824,NA,NA,NA
"1457-4683",1824,NA,NA,NA
"1457-4705",1824,NA,NA,NA
"1457-473X",1824,NA,NA,NA
"1457-4748",1824,NA,NA,NA
"1457-4756",1824,NA,NA,NA
"1457-4888",1824,332,NA,NA
"0356-1844",1824,NA,NA,NA
"1457-442X",1824,NA,NA,NA
"1457-4837",1824,NA,NA,NA
"1457-4845",1824,NA,NA,NA
"1457-4853",1824,NA,NA,NA
"1457-4861",1824,NA,NA,NA
"1457-4578",1824,14,"Päiviö Tommila","certain"
"1457-4799",1825,NA,NA,NA
"1457-4829",1825,NA,NA,NA
"1457-4764",1825,NA,NA,NA
"1457-4780",1825,NA,NA,NA
"1457-4772",1825,NA,NA,NA
"1457-4802",1825,297,NA,NA
"0785-398X",1825,94,"Päiviö Tommila","certain"
"1457-425X",1825,NA,NA,NA
"1457-4276",1825,NA,NA,NA
"0358-6294",1825,NA,NA,NA
"1457-4306",1825,NA,NA,NA
"1457-4314",1825,678,"Päiviö Tommila","certain"
"1457-4403",1825,NA,NA,NA
"1457-4330",1825,NA,NA,NA
"1457-4349",1825,NA,NA,NA
"1457-4365",1825,NA,NA,NA
"1457-439X",1825,NA,NA,NA
"1457-4411",1825,NA,NA,NA
"1457-4268",1825,NA,NA,NA
"1457-4446",1825,NA,NA,NA
"1457-4462",1825,NA,NA,NA
"1457-4454",1825,NA,NA,NA
"1457-4500",1825,NA,NA,NA
"fk01443",1825,NA,NA,NA
"1457-4373",1825,NA,NA,NA
"1457-4519",1825,NA,NA,NA
"1457-4527",1825,NA,NA,NA
"1457-4535",1825,NA,NA,NA
"1457-4543",1825,NA,NA,NA
"1457-456X",1825,NA,NA,NA
"1457-4608",1825,NA,NA,NA
"1457-4586",1825,NA,NA,NA
"1457-4616",1825,NA,NA,NA
"1457-4624",1825,NA,NA,NA
"1457-4667",1825,NA,NA,NA
"1457-4683",1825,NA,NA,NA
"1457-4683",1825,NA,NA,NA
"1457-4705",1825,NA,NA,NA
"1457-473X",1825,NA,NA,NA
"1457-4748",1825,NA,NA,NA
"1457-4756",1825,NA,NA,NA
"1457-4888",1825,319,"Päiviö Tommila","certain"
"0356-1844",1825,NA,NA,NA
"1457-442X",1825,NA,NA,NA
"1457-4837",1825,NA,NA,NA
"1457-4845",1825,NA,NA,NA
"1457-4853",1825,NA,NA,NA
"1457-4861",1825,NA,NA,NA
"1457-4578",1825,10,"Päiviö Tommila","certain"
"1457-4799",1826,NA,NA,NA
"1457-4829",1826,NA,NA,NA
"1457-4764",1826,NA,NA,NA
"1457-4780",1826,NA,NA,NA
"1457-4772",1826,NA,NA,NA
"1457-4802",1826,311,"Päiviö Tommila","certain"
"0785-398X",1826,89,"Päiviö Tommila","certain"
"1457-425X",1826,NA,NA,NA
"1457-4276",1826,NA,NA,NA
"0358-6294",1826,NA,NA,NA
"1457-4306",1826,NA,NA,NA
"1457-4314",1826,732,"Päiviö Tommila","certain"
"1457-4403",1826,NA,NA,NA
"1457-4330",1826,NA,NA,NA
"1457-4349",1826,NA,NA,NA
"1457-4365",1826,NA,NA,NA
"1457-439X",1826,NA,NA,NA
"1457-4411",1826,NA,NA,NA
"1457-4268",1826,NA,NA,NA
"1457-4446",1826,NA,NA,NA
"1457-4462",1826,NA,NA,NA
"1457-4454",1826,NA,NA,NA
"1457-4500",1826,NA,NA,NA
"fk01443",1826,NA,NA,NA
"1457-4373",1826,NA,NA,NA
"1457-4519",1826,NA,NA,NA
"1457-4527",1826,NA,NA,NA
"1457-4535",1826,NA,NA,NA
"1457-4543",1826,NA,NA,NA
"1457-456X",1826,NA,NA,NA
"1457-4608",1826,NA,NA,NA
"1457-4586",1826,NA,NA,NA
"1457-4616",1826,NA,NA,NA
"1457-4624",1826,NA,NA,NA
"1457-4667",1826,NA,NA,NA
"1457-4683",1826,NA,NA,NA
"1457-4683",1826,NA,NA,NA
"1457-4705",1826,NA,NA,NA
"1457-473X",1826,NA,NA,NA
"1457-4748",1826,NA,NA,NA
"1457-4756",1826,NA,NA,NA
"1457-4888",1826,279,"Päiviö Tommila","certain"
"0356-1844",1826,NA,NA,NA
"1457-442X",1826,NA,NA,NA
"1457-4837",1826,NA,NA,NA
"1457-4845",1826,NA,NA,NA
"1457-4853",1826,NA,NA,NA
"1457-4861",1826,NA,NA,NA
"1457-4578",1826,13,"Päiviö Tommila","certain"
"1457-4799",1827,NA,NA,NA
"1457-4829",1827,NA,NA,NA
"1457-4764",1827,NA,NA,NA
"1457-4780",1827,NA,NA,NA
"1457-4772",1827,NA,NA,NA
"1457-4802",1827,285,"Päiviö Tommila","certain"
"0785-398X",1827,75,"Päiviö Tommila","certain"
"1457-425X",1827,NA,NA,NA
"1457-4276",1827,NA,NA,NA
"0358-6294",1827,NA,NA,NA
"1457-4306",1827,NA,NA,NA
"1457-4314",1827,729,"Päiviö Tommila","certain"
"1457-4403",1827,NA,NA,NA
"1457-4330",1827,NA,NA,NA
"1457-4349",1827,NA,NA,NA
"1457-4365",1827,NA,NA,NA
"1457-439X",1827,NA,NA,NA
"1457-4411",1827,NA,NA,NA
"1457-4268",1827,NA,NA,NA
"1457-4446",1827,NA,NA,NA
"1457-4462",1827,NA,NA,NA
"1457-4454",1827,NA,NA,NA
"1457-4500",1827,NA,NA,NA
"fk01443",1827,NA,NA,NA
"1457-4373",1827,NA,NA,NA
"1457-4519",1827,NA,NA,NA
"1457-4527",1827,NA,NA,NA
"1457-4535",1827,NA,NA,NA
"1457-4543",1827,NA,NA,NA
"1457-456X",1827,NA,NA,NA
"1457-4608",1827,NA,NA,NA
"1457-4586",1827,NA,NA,NA
"1457-4616",1827,NA,NA,NA
"1457-4624",1827,NA,NA,NA
"1457-4667",1827,NA,NA,NA
"1457-4683",1827,NA,NA,NA
"1457-4683",1827,NA,NA,NA
"1457-4705",1827,NA,NA,NA
"1457-473X",1827,NA,NA,NA
"1457-4748",1827,NA,NA,NA
"1457-4756",1827,NA,NA,NA
"1457-4888",1827,249,NA,NA
"0356-1844",1827,NA,NA,NA
"1457-442X",1827,NA,NA,NA
"1457-4837",1827,NA,NA,NA
"1457-4845",1827,NA,NA,NA
"1457-4853",1827,NA,NA,NA
"1457-4861",1827,NA,NA,NA
"1457-4578",1827,11,"Päiviö Tommila","certain"
"1457-4799",1828,NA,NA,NA
"1457-4829",1828,NA,NA,NA
"1457-4764",1828,NA,NA,NA
"1457-4780",1828,NA,NA,NA
"1457-4772",1828,NA,NA,NA
"1457-4802",1828,297,"Päiviö Tommila","certain"
"0785-398X",1828,NA,NA,NA
"1457-425X",1828,NA,NA,NA
"1457-4276",1828,NA,NA,NA
"0358-6294",1828,NA,NA,NA
"1457-4306",1828,NA,NA,NA
"1457-4314",1828,759,"Päiviö Tommila","certain"
"1457-4403",1828,NA,NA,NA
"1457-4330",1828,NA,NA,NA
"1457-4349",1828,NA,NA,NA
"1457-4365",1828,NA,NA,NA
"1457-439X",1828,NA,NA,NA
"1457-4411",1828,NA,NA,NA
"1457-4268",1828,NA,NA,NA
"1457-4446",1828,NA,NA,NA
"1457-4462",1828,NA,NA,NA
"1457-4454",1828,NA,NA,NA
"1457-4500",1828,NA,NA,NA
"fk01443",1828,NA,NA,NA
"1457-4373",1828,NA,NA,NA
"1457-4519",1828,NA,NA,NA
"1457-4527",1828,NA,NA,NA
"1457-4535",1828,NA,NA,NA
"1457-4543",1828,NA,NA,NA
"1457-456X",1828,NA,NA,NA
"1457-4608",1828,NA,NA,NA
"1457-4586",1828,NA,NA,NA
"1457-4616",1828,NA,NA,NA
"1457-4624",1828,NA,NA,NA
"1457-4667",1828,NA,NA,NA
"1457-4683",1828,NA,NA,NA
"1457-4683",1828,NA,NA,NA
"1457-4705",1828,NA,NA,NA
"1457-473X",1828,NA,NA,NA
"1457-4748",1828,NA,NA,NA
"1457-4756",1828,NA,NA,NA
"1457-4888",1828,NA,NA,NA
"0356-1844",1828,NA,NA,NA
"1457-442X",1828,NA,NA,NA
"1457-4837",1828,NA,NA,NA
"1457-4845",1828,NA,NA,NA
"1457-4853",1828,NA,NA,NA
"1457-4861",1828,NA,NA,NA
"1457-4578",1828,9,"Päiviö Tommila","certain"
"1457-4799",1829,NA,NA,NA
"1457-4829",1829,NA,NA,NA
"1457-4764",1829,NA,NA,NA
"1457-4780",1829,NA,NA,NA
"1457-4772",1829,NA,NA,NA
"1457-4802",1829,222,"Päiviö Tommila","certain"
"0785-398X",1829,16,"Päiviö Tommila","certain"
"1457-425X",1829,NA,NA,NA
"1457-4276",1829,NA,NA,NA
"0358-6294",1829,NA,NA,NA
"1457-4306",1829,NA,NA,NA
"1457-4314",1829,763,"Päiviö Tommila","certain"
"1457-4403",1829,NA,NA,NA
"1457-4330",1829,NA,NA,NA
"1457-4349",1829,NA,NA,NA
"1457-4365",1829,NA,NA,NA
"1457-439X",1829,321,NA,NA
"1457-4411",1829,NA,NA,NA
"1457-4268",1829,NA,NA,NA
"1457-4446",1829,NA,NA,NA
"1457-4462",1829,NA,NA,NA
"1457-4454",1829,NA,NA,NA
"1457-4500",1829,NA,NA,NA
"fk01443",1829,NA,NA,NA
"1457-4373",1829,NA,NA,NA
"1457-4519",1829,NA,NA,NA
"1457-4527",1829,368,NA,NA
"1457-4535",1829,NA,NA,NA
"1457-4543",1829,NA,NA,NA
"1457-456X",1829,NA,NA,NA
"1457-4608",1829,NA,NA,NA
"1457-4586",1829,NA,NA,NA
"1457-4616",1829,NA,NA,NA
"1457-4624",1829,NA,NA,NA
"1457-4667",1829,NA,NA,NA
"1457-4683",1829,NA,NA,NA
"1457-4683",1829,NA,NA,NA
"1457-4705",1829,NA,NA,NA
"1457-473X",1829,NA,NA,NA
"1457-4748",1829,247,NA,NA
"1457-4756",1829,NA,NA,NA
"1457-4888",1829,115,"Päiviö Tommila","certain"
"0356-1844",1829,NA,NA,NA
"1457-442X",1829,NA,NA,NA
"1457-4837",1829,NA,NA,NA
"1457-4845",1829,NA,NA,NA
"1457-4853",1829,NA,NA,NA
"1457-4861",1829,NA,NA,NA
"1457-4578",1829,5,"Päiviö Tommila","certain"
"1457-4799",1830,NA,NA,NA
"1457-4829",1830,NA,NA,NA
"1457-4764",1830,NA,NA,NA
"1457-4780",1830,NA,NA,NA
"1457-4772",1830,NA,NA,NA
"1457-4802",1830,276,NA,NA
"0785-398X",1830,31,"Päiviö Tommila","certain"
"1457-425X",1830,NA,NA,NA
"1457-4276",1830,NA,NA,NA
"0358-6294",1830,NA,NA,NA
"1457-4306",1830,NA,NA,NA
"1457-4314",1830,729,"Päiviö Tommila","certain"
"1457-4403",1830,NA,NA,NA
"1457-4330",1830,NA,NA,NA
"1457-4349",1830,NA,NA,NA
"1457-4365",1830,NA,NA,NA
"1457-439X",1830,308,NA,NA
"1457-4411",1830,NA,NA,NA
"1457-4268",1830,NA,NA,NA
"1457-4446",1830,NA,NA,NA
"1457-4462",1830,NA,NA,NA
"1457-4454",1830,NA,NA,NA
"1457-4500",1830,NA,NA,NA
"fk01443",1830,NA,NA,NA
"1457-4373",1830,NA,NA,NA
"1457-4519",1830,NA,NA,NA
"1457-4527",1830,368,NA,NA
"1457-4535",1830,NA,NA,NA
"1457-4543",1830,NA,NA,NA
"1457-456X",1830,NA,NA,NA
"1457-4608",1830,NA,NA,NA
"1457-4586",1830,NA,NA,NA
"1457-4616",1830,NA,NA,NA
"1457-4624",1830,NA,NA,NA
"1457-4667",1830,NA,NA,NA
"1457-4683",1830,NA,NA,NA
"1457-4683",1830,NA,NA,NA
"1457-4705",1830,NA,NA,NA
"1457-473X",1830,NA,NA,NA
"1457-4748",1830,113,NA,NA
"1457-4756",1830,NA,NA,NA
"1457-4888",1830,142,"Päiviö Tommila","certain"
"0356-1844",1830,NA,NA,NA
"1457-442X",1830,NA,NA,NA
"1457-4837",1830,NA,NA,NA
"1457-4845",1830,NA,NA,NA
"1457-4853",1830,NA,NA,NA
"1457-4861",1830,NA,NA,NA
"1457-4578",1830,7,"Päiviö Tommila","certain"
"1457-4799",1831,NA,NA,NA
"1457-4829",1831,NA,NA,NA
"1457-4764",1831,NA,NA,NA
"1457-4780",1831,NA,NA,NA
"1457-4772",1831,NA,NA,NA
"1457-4802",1831,182,"Päiviö Tommila","certain"
"0785-398X",1831,228,"Päiviö Tommila","certain"
"1457-425X",1831,NA,NA,NA
"1457-4276",1831,NA,NA,NA
"0358-6294",1831,NA,NA,NA
"1457-4306",1831,NA,NA,NA
"1457-4314",1831,740,"Päiviö Tommila","certain"
"1457-4403",1831,NA,NA,NA
"1457-4330",1831,NA,NA,NA
"1457-4349",1831,NA,NA,NA
"1457-4365",1831,NA,NA,NA
"1457-439X",1831,318,NA,NA
"1457-4411",1831,NA,NA,NA
"1457-4268",1831,NA,NA,NA
"1457-4446",1831,NA,NA,NA
"1457-4462",1831,NA,NA,NA
"1457-4454",1831,NA,NA,NA
"1457-4500",1831,NA,NA,NA
"fk01443",1831,NA,NA,NA
"1457-4373",1831,NA,NA,NA
"1457-4519",1831,NA,NA,NA
"1457-4527",1831,368,NA,NA
"1457-4535",1831,NA,NA,NA
"1457-4543",1831,NA,NA,NA
"1457-456X",1831,NA,NA,NA
"1457-4608",1831,NA,NA,NA
"1457-4586",1831,NA,NA,NA
"1457-4616",1831,NA,NA,NA
"1457-4624",1831,NA,NA,NA
"1457-4667",1831,NA,NA,NA
"1457-4683",1831,NA,NA,NA
"1457-4683",1831,NA,NA,NA
"1457-4705",1831,NA,NA,NA
"1457-473X",1831,NA,NA,NA
"1457-4748",1831,88,NA,NA
"1457-4756",1831,NA,NA,NA
"1457-4888",1831,94,NA,NA
"0356-1844",1831,NA,NA,NA
"1457-442X",1831,NA,NA,NA
"1457-4837",1831,NA,NA,NA
"1457-4845",1831,NA,NA,NA
"1457-4853",1831,NA,NA,NA
"1457-4861",1831,NA,NA,NA
"1457-4578",1831,10,"Päiviö Tommila","certain"
"1457-4799",1832,NA,NA,NA
"1457-4829",1832,NA,NA,NA
"1457-4764",1832,NA,NA,NA
"1457-4780",1832,NA,NA,NA
"1457-4772",1832,NA,NA,NA
"1457-4802",1832,207,"COMHIS collective","approximate"
"0785-398X",1832,373,"COMHIS collective","approximate"
"1457-425X",1832,NA,NA,NA
"1457-4276",1832,NA,NA,NA
"0358-6294",1832,NA,NA,NA
"1457-4306",1832,NA,NA,NA
"1457-4314",1832,833,"COMHIS collective","approximate"
"1457-4403",1832,NA,NA,NA
"1457-4330",1832,NA,NA,NA
"1457-4349",1832,NA,NA,NA
"1457-4365",1832,337,NA,NA
"1457-439X",1832,318,NA,NA
"1457-4411",1832,NA,NA,NA
"1457-4268",1832,NA,NA,NA
"1457-4446",1832,NA,NA,NA
"1457-4462",1832,NA,NA,NA
"1457-4454",1832,NA,NA,NA
"1457-4500",1832,NA,NA,NA
"fk01443",1832,NA,NA,NA
"1457-4373",1832,NA,NA,NA
"1457-4519",1832,NA,NA,NA
"1457-4527",1832,368,NA,NA
"1457-4535",1832,NA,NA,NA
"1457-4543",1832,NA,NA,NA
"1457-456X",1832,NA,NA,NA
"1457-4608",1832,NA,NA,NA
"1457-4586",1832,NA,NA,NA
"1457-4616",1832,NA,NA,NA
"1457-4624",1832,NA,NA,NA
"1457-4667",1832,NA,NA,NA
"1457-4683",1832,NA,NA,NA
"1457-4683",1832,NA,NA,NA
"1457-4705",1832,NA,NA,NA
"1457-473X",1832,NA,NA,NA
"1457-4748",1832,NA,NA,NA
"1457-4756",1832,NA,NA,NA
"1457-4888",1832,NA,NA,NA
"0356-1844",1832,NA,NA,NA
"1457-442X",1832,NA,NA,NA
"1457-4837",1832,NA,NA,NA
"1457-4845",1832,NA,NA,NA
"1457-4853",1832,NA,NA,NA
"1457-4861",1832,NA,NA,NA
"1457-4578",1832,10,"COMHIS collective","approximate"
"1457-4799",1833,NA,NA,NA
"1457-4829",1833,NA,NA,NA
"1457-4764",1833,NA,NA,NA
"1457-4780",1833,NA,NA,NA
"1457-4772",1833,NA,NA,NA
"1457-4802",1833,233,"Päiviö Tommila","approximate"
"0785-398X",1833,519,NA,NA
"1457-425X",1833,NA,NA,NA
"1457-4276",1833,NA,NA,NA
"0358-6294",1833,NA,NA,NA
"1457-4306",1833,NA,NA,NA
"1457-4314",1833,927,"Päiviö Tommila","certain"
"1457-4403",1833,NA,NA,NA
"1457-4330",1833,NA,NA,NA
"1457-4349",1833,NA,NA,NA
"1457-4365",1833,329,NA,NA
"1457-439X",1833,527,NA,NA
"1457-4411",1833,NA,NA,NA
"1457-4268",1833,NA,NA,NA
"1457-4446",1833,NA,NA,NA
"1457-4462",1833,NA,NA,NA
"1457-4454",1833,NA,NA,NA
"1457-4500",1833,NA,NA,NA
"fk01443",1833,NA,NA,NA
"1457-4373",1833,NA,NA,NA
"1457-4519",1833,NA,NA,NA
"1457-4527",1833,368,NA,NA
"1457-4535",1833,NA,NA,NA
"1457-4543",1833,NA,NA,NA
"1457-456X",1833,NA,NA,NA
"1457-4608",1833,NA,NA,NA
"1457-4586",1833,238,NA,NA
"1457-4616",1833,NA,NA,NA
"1457-4624",1833,NA,NA,NA
"1457-4667",1833,NA,NA,NA
"1457-4683",1833,NA,NA,NA
"1457-4683",1833,NA,NA,NA
"1457-4705",1833,NA,NA,NA
"1457-473X",1833,NA,NA,NA
"1457-4748",1833,NA,NA,NA
"1457-4756",1833,NA,NA,NA
"1457-4888",1833,NA,NA,NA
"0356-1844",1833,NA,NA,NA
"1457-442X",1833,NA,NA,NA
"1457-4837",1833,NA,NA,NA
"1457-4845",1833,NA,NA,NA
"1457-4853",1833,NA,NA,NA
"1457-4861",1833,NA,NA,NA
"1457-4578",1833,NA,NA,NA
"1457-4799",1834,NA,NA,NA
"1457-4829",1834,NA,NA,NA
"1457-4764",1834,NA,NA,NA
"1457-4780",1834,NA,NA,NA
"1457-4772",1834,NA,NA,NA
"1457-4802",1834,204,"Päiviö Tommila","approximate"
"0785-398X",1834,470,"Päiviö Tommila","certain"
"1457-425X",1834,NA,NA,NA
"1457-4276",1834,NA,NA,NA
"0358-6294",1834,NA,NA,NA
"1457-4306",1834,NA,NA,NA
"1457-4314",1834,988,"Päiviö Tommila","certain"
"1457-4403",1834,NA,NA,NA
"1457-4330",1834,NA,NA,NA
"1457-4349",1834,NA,NA,NA
"1457-4365",1834,371,NA,NA
"1457-439X",1834,660,NA,NA
"1457-4411",1834,NA,NA,NA
"1457-4268",1834,NA,NA,NA
"1457-4446",1834,NA,NA,NA
"1457-4462",1834,NA,NA,NA
"1457-4454",1834,NA,NA,NA
"1457-4500",1834,NA,NA,NA
"fk01443",1834,NA,NA,NA
"1457-4373",1834,NA,NA,NA
"1457-4519",1834,NA,NA,NA
"1457-4527",1834,368,NA,NA
"1457-4535",1834,NA,NA,NA
"1457-4543",1834,NA,NA,NA
"1457-456X",1834,NA,NA,NA
"1457-4608",1834,NA,NA,NA
"1457-4586",1834,201,NA,NA
"1457-4616",1834,NA,NA,NA
"1457-4624",1834,NA,NA,NA
"1457-4667",1834,NA,NA,NA
"1457-4683",1834,NA,NA,NA
"1457-4683",1834,NA,NA,NA
"1457-4705",1834,NA,NA,NA
"1457-473X",1834,NA,NA,NA
"1457-4748",1834,NA,NA,NA
"1457-4756",1834,NA,NA,NA
"1457-4888",1834,NA,NA,NA
"0356-1844",1834,NA,NA,NA
"1457-442X",1834,NA,NA,NA
"1457-4837",1834,NA,NA,NA
"1457-4845",1834,NA,NA,NA
"1457-4853",1834,NA,NA,NA
"1457-4861",1834,NA,NA,NA
"1457-4578",1834,NA,NA,NA
"1457-4799",1835,NA,NA,NA
"1457-4829",1835,NA,NA,NA
"1457-4764",1835,NA,NA,NA
"1457-4780",1835,NA,NA,NA
"1457-4772",1835,NA,NA,NA
"1457-4802",1835,238,NA,NA
"0785-398X",1835,535,"Päiviö Tommila","approximate"
"1457-425X",1835,NA,NA,NA
"1457-4276",1835,NA,NA,NA
"0358-6294",1835,NA,NA,NA
"1457-4306",1835,NA,NA,NA
"1457-4314",1835,909,"Päiviö Tommila","certain"
"1457-4403",1835,NA,NA,NA
"1457-4330",1835,NA,NA,NA
"1457-4349",1835,NA,NA,NA
"1457-4365",1835,377,NA,NA
"1457-439X",1835,766,NA,NA
"1457-4411",1835,NA,NA,NA
"1457-4268",1835,NA,NA,NA
"1457-4446",1835,NA,NA,NA
"1457-4462",1835,NA,NA,NA
"1457-4454",1835,NA,NA,NA
"1457-4500",1835,NA,NA,NA
"fk01443",1835,NA,NA,NA
"1457-4373",1835,NA,NA,NA
"1457-4519",1835,NA,NA,NA
"1457-4527",1835,368,NA,NA
"1457-4535",1835,NA,NA,NA
"1457-4543",1835,NA,NA,NA
"1457-456X",1835,NA,NA,NA
"1457-4608",1835,NA,NA,NA
"1457-4586",1835,365,NA,NA
"1457-4616",1835,NA,NA,NA
"1457-4624",1835,NA,NA,NA
"1457-4667",1835,NA,NA,NA
"1457-4683",1835,NA,NA,NA
"1457-4683",1835,NA,NA,NA
"1457-4705",1835,NA,NA,NA
"1457-473X",1835,NA,NA,NA
"1457-4748",1835,NA,NA,NA
"1457-4756",1835,NA,NA,NA
"1457-4888",1835,NA,NA,NA
"0356-1844",1835,NA,NA,NA
"1457-442X",1835,NA,NA,NA
"1457-4837",1835,NA,NA,NA
"1457-4845",1835,NA,NA,NA
"1457-4853",1835,NA,NA,NA
"1457-4861",1835,NA,NA,NA
"1457-4578",1835,NA,NA,NA
"1457-4799",1836,NA,NA,NA
"1457-4829",1836,NA,NA,NA
"1457-4764",1836,NA,NA,NA
"1457-4780",1836,NA,NA,NA
"1457-4772",1836,NA,NA,NA
"1457-4802",1836,237,"Päiviö Tommila","approximate"
"0785-398X",1836,489,"Päiviö Tommila","approximate"
"1457-425X",1836,NA,NA,NA
"1457-4276",1836,NA,NA,NA
"0358-6294",1836,NA,NA,NA
"1457-4306",1836,NA,NA,NA
"1457-4314",1836,922,"Päiviö Tommila","approximate"
"1457-4403",1836,NA,NA,NA
"1457-4330",1836,NA,NA,NA
"1457-4349",1836,NA,NA,NA
"1457-4365",1836,364,NA,NA
"1457-439X",1836,872,NA,NA
"1457-4411",1836,NA,NA,NA
"1457-4268",1836,NA,NA,NA
"1457-4446",1836,NA,NA,NA
"1457-4462",1836,NA,NA,NA
"1457-4454",1836,NA,NA,NA
"1457-4500",1836,NA,NA,NA
"fk01443",1836,NA,NA,NA
"1457-4373",1836,NA,NA,NA
"1457-4519",1836,NA,NA,NA
"1457-4527",1836,368,NA,NA
"1457-4535",1836,NA,NA,NA
"1457-4543",1836,NA,NA,NA
"1457-456X",1836,NA,NA,NA
"1457-4608",1836,NA,NA,NA
"1457-4586",1836,242,NA,NA
"1457-4616",1836,NA,NA,NA
"1457-4624",1836,NA,NA,NA
"1457-4667",1836,NA,NA,NA
"1457-4683",1836,NA,NA,NA
"1457-4683",1836,NA,NA,NA
"1457-4705",1836,NA,NA,NA
"1457-473X",1836,NA,NA,NA
"1457-4748",1836,NA,NA,NA
"1457-4756",1836,NA,NA,NA
"1457-4888",1836,NA,NA,NA
"0356-1844",1836,NA,NA,NA
"1457-442X",1836,NA,NA,NA
"1457-4837",1836,NA,NA,NA
"1457-4845",1836,NA,NA,NA
"1457-4853",1836,NA,NA,NA
"1457-4861",1836,NA,NA,NA
"1457-4578",1836,NA,NA,NA
"1457-4799",1837,NA,NA,NA
"1457-4829",1837,NA,NA,NA
"1457-4764",1837,NA,NA,NA
"1457-4780",1837,NA,NA,NA
"1457-4772",1837,NA,NA,NA
"1457-4802",1837,382,"Päiviö Tommila","approximate"
"0785-398X",1837,489,"Päiviö Tommila","approximate"
"1457-425X",1837,NA,NA,NA
"1457-4276",1837,NA,NA,NA
"0358-6294",1837,NA,NA,NA
"1457-4306",1837,NA,NA,NA
"1457-4314",1837,924,"Päiviö Tommila","approximate"
"1457-4403",1837,NA,NA,NA
"1457-4330",1837,NA,NA,NA
"1457-4349",1837,NA,NA,NA
"1457-4365",1837,346,NA,NA
"1457-439X",1837,939,NA,NA
"1457-4411",1837,NA,NA,NA
"1457-4268",1837,NA,NA,NA
"1457-4446",1837,NA,NA,NA
"1457-4462",1837,NA,NA,NA
"1457-4454",1837,NA,NA,NA
"1457-4500",1837,NA,NA,NA
"fk01443",1837,NA,NA,NA
"1457-4373",1837,NA,NA,NA
"1457-4519",1837,NA,NA,NA
"1457-4527",1837,368,NA,NA
"1457-4535",1837,NA,NA,NA
"1457-4543",1837,NA,NA,NA
"1457-456X",1837,NA,NA,NA
"1457-4608",1837,NA,NA,NA
"1457-4586",1837,NA,NA,NA
"1457-4616",1837,NA,NA,NA
"1457-4624",1837,NA,NA,NA
"1457-4667",1837,NA,NA,NA
"1457-4683",1837,NA,NA,NA
"1457-4683",1837,NA,NA,NA
"1457-4705",1837,NA,NA,NA
"1457-473X",1837,NA,NA,NA
"1457-4748",1837,NA,NA,NA
"1457-4756",1837,NA,NA,NA
"1457-4888",1837,NA,NA,NA
"0356-1844",1837,NA,NA,NA
"1457-442X",1837,NA,NA,NA
"1457-4837",1837,NA,NA,NA
"1457-4845",1837,217,"COMHIS collective","approximate"
"1457-4853",1837,NA,NA,NA
"1457-4861",1837,NA,NA,NA
"1457-4578",1837,NA,NA,NA
"1457-4799",1838,NA,NA,NA
"1457-4829",1838,NA,NA,NA
"1457-4764",1838,NA,NA,NA
"1457-4780",1838,NA,NA,NA
"1457-4772",1838,NA,NA,NA
"1457-4802",1838,397,"Päiviö Tommila","approximate"
"0785-398X",1838,486,"Päiviö Tommila","approximate"
"1457-425X",1838,NA,NA,NA
"1457-4276",1838,NA,NA,NA
"0358-6294",1838,NA,NA,NA
"1457-4306",1838,359,NA,NA
"1457-4314",1838,920,"Päiviö Tommila","approximate"
"1457-4403",1838,NA,NA,NA
"1457-4330",1838,NA,NA,NA
"1457-4349",1838,NA,NA,NA
"1457-4365",1838,390,NA,NA
"1457-439X",1838,939,NA,NA
"1457-4411",1838,NA,NA,NA
"1457-4268",1838,NA,NA,NA
"1457-4446",1838,NA,NA,NA
"1457-4462",1838,NA,NA,NA
"1457-4454",1838,NA,NA,NA
"1457-4500",1838,NA,NA,NA
"fk01443",1838,NA,NA,NA
"1457-4373",1838,NA,NA,NA
"1457-4519",1838,NA,NA,NA
"1457-4527",1838,368,NA,NA
"1457-4535",1838,NA,NA,NA
"1457-4543",1838,NA,NA,NA
"1457-456X",1838,NA,NA,NA
"1457-4608",1838,NA,NA,NA
"1457-4586",1838,NA,NA,NA
"1457-4616",1838,NA,NA,NA
"1457-4624",1838,NA,NA,NA
"1457-4667",1838,NA,NA,NA
"1457-4683",1838,NA,NA,NA
"1457-4683",1838,NA,NA,NA
"1457-4705",1838,NA,NA,NA
"1457-473X",1838,NA,NA,NA
"1457-4748",1838,NA,NA,NA
"1457-4756",1838,NA,NA,NA
"1457-4888",1838,NA,NA,NA
"0356-1844",1838,NA,NA,NA
"1457-442X",1838,NA,NA,NA
"1457-4837",1838,NA,NA,NA
"1457-4845",1838,217,"COMHIS collective","approximate"
"1457-4853",1838,NA,NA,NA
"1457-4861",1838,NA,NA,NA
"1457-4578",1838,NA,NA,NA
"1457-4799",1839,NA,NA,NA
"1457-4829",1839,NA,NA,NA
"1457-4764",1839,NA,NA,NA
"1457-4780",1839,NA,NA,NA
"1457-4772",1839,NA,NA,NA
"1457-4802",1839,417,"Päiviö Tommila","approximate"
"0785-398X",1839,486,"Päiviö Tommila","approximate"
"1457-425X",1839,NA,NA,NA
"1457-4276",1839,NA,NA,NA
"0358-6294",1839,NA,NA,NA
"1457-4306",1839,355,"Päiviö Tommila","approximate"
"1457-4314",1839,919,"Päiviö Tommila","certain"
"1457-4403",1839,NA,NA,NA
"1457-4330",1839,NA,NA,NA
"1457-4349",1839,NA,NA,NA
"1457-4365",1839,415,NA,NA
"1457-439X",1839,970,NA,NA
"1457-4411",1839,NA,NA,NA
"1457-4268",1839,NA,NA,NA
"1457-4446",1839,NA,NA,NA
"1457-4462",1839,NA,NA,NA
"1457-4454",1839,NA,NA,NA
"1457-4500",1839,NA,NA,NA
"fk01443",1839,NA,NA,NA
"1457-4373",1839,NA,NA,NA
"1457-4519",1839,NA,NA,NA
"1457-4527",1839,368,NA,NA
"1457-4535",1839,NA,NA,NA
"1457-4543",1839,NA,NA,NA
"1457-456X",1839,NA,NA,NA
"1457-4608",1839,NA,NA,NA
"1457-4586",1839,NA,NA,NA
"1457-4616",1839,NA,NA,NA
"1457-4624",1839,NA,NA,NA
"1457-4667",1839,NA,NA,NA
"1457-4683",1839,NA,NA,NA
"1457-4683",1839,NA,NA,NA
"1457-4705",1839,NA,NA,NA
"1457-473X",1839,NA,NA,NA
"1457-4748",1839,NA,NA,NA
"1457-4756",1839,NA,NA,NA
"1457-4888",1839,NA,NA,NA
"0356-1844",1839,NA,NA,NA
"1457-442X",1839,320,NA,NA
"1457-4837",1839,NA,NA,NA
"1457-4845",1839,217,"COMHIS collective","approximate"
"1457-4853",1839,NA,NA,NA
"1457-4861",1839,NA,NA,NA
"1457-4578",1839,NA,NA,NA
"1457-4799",1840,NA,NA,NA
"1457-4829",1840,NA,NA,NA
"1457-4764",1840,NA,NA,NA
"1457-4780",1840,NA,NA,NA
"1457-4772",1840,NA,NA,NA
"1457-4802",1840,408,NA,NA
"0785-398X",1840,478,"Päiviö Tommila","certain"
"1457-425X",1840,NA,NA,NA
"1457-4276",1840,NA,NA,NA
"0358-6294",1840,NA,NA,NA
"1457-4306",1840,408,"Päiviö Tommila","approximate"
"1457-4314",1840,885,"Päiviö Tommila","approximate"
"1457-4403",1840,NA,NA,NA
"1457-4330",1840,NA,NA,NA
"1457-4349",1840,NA,NA,NA
"1457-4365",1840,436,NA,NA
"1457-439X",1840,933,NA,NA
"1457-4411",1840,NA,NA,NA
"1457-4268",1840,NA,NA,NA
"1457-4446",1840,NA,NA,NA
"1457-4462",1840,NA,NA,NA
"1457-4454",1840,NA,NA,NA
"1457-4500",1840,NA,NA,NA
"fk01443",1840,NA,NA,NA
"1457-4373",1840,NA,NA,NA
"1457-4519",1840,NA,NA,NA
"1457-4527",1840,368,NA,NA
"1457-4535",1840,NA,NA,NA
"1457-4543",1840,NA,NA,NA
"1457-456X",1840,NA,NA,NA
"1457-4608",1840,NA,NA,NA
"1457-4586",1840,193,"Päiviö Tommila","partial"
"1457-4616",1840,NA,NA,NA
"1457-4624",1840,NA,NA,NA
"1457-4667",1840,NA,NA,NA
"1457-4683",1840,NA,NA,NA
"1457-4683",1840,NA,NA,NA
"1457-4705",1840,NA,NA,NA
"1457-473X",1840,NA,NA,NA
"1457-4748",1840,NA,NA,NA
"1457-4756",1840,NA,NA,NA
"1457-4888",1840,NA,NA,NA
"0356-1844",1840,NA,NA,NA
"1457-442X",1840,305,"Päiviö Tommila","approximate"
"1457-4837",1840,NA,NA,NA
"1457-4845",1840,NA,NA,NA
"1457-4853",1840,NA,NA,NA
"1457-4861",1840,NA,NA,NA
"1457-4578",1840,NA,NA,NA
"1457-4799",1841,NA,NA,NA
"1457-4829",1841,NA,NA,NA
"1457-4764",1841,NA,NA,NA
"1457-4780",1841,NA,NA,NA
"1457-4772",1841,NA,NA,NA
"1457-4802",1841,405,"Päiviö Tommila","approximate"
"0785-398X",1841,457,"Päiviö Tommila","approximate"
"1457-425X",1841,NA,NA,NA
"1457-4276",1841,NA,NA,NA
"0358-6294",1841,NA,NA,NA
"1457-4306",1841,499,"Päiviö Tommila","approximate"
"1457-4314",1841,917,"Päiviö Tommila","approximate"
"1457-4403",1841,NA,NA,NA
"1457-4330",1841,NA,NA,NA
"1457-4349",1841,NA,NA,NA
"1457-4365",1841,442,NA,NA
"1457-439X",1841,923,NA,NA
"1457-4411",1841,NA,NA,NA
"1457-4268",1841,NA,NA,NA
"1457-4446",1841,NA,NA,NA
"1457-4462",1841,NA,NA,NA
"1457-4454",1841,NA,NA,NA
"1457-4500",1841,NA,NA,NA
"fk01443",1841,NA,NA,NA
"1457-4373",1841,NA,NA,NA
"1457-4519",1841,NA,NA,NA
"1457-4527",1841,368,NA,NA
"1457-4535",1841,NA,NA,NA
"1457-4543",1841,NA,NA,NA
"1457-456X",1841,NA,NA,NA
"1457-4608",1841,NA,NA,NA
"1457-4586",1841,138,"Päiviö Tommila","partial"
"1457-4616",1841,NA,NA,NA
"1457-4624",1841,NA,NA,NA
"1457-4667",1841,NA,NA,NA
"1457-4683",1841,NA,NA,NA
"1457-4683",1841,NA,NA,NA
"1457-4705",1841,NA,NA,NA
"1457-473X",1841,NA,NA,NA
"1457-4748",1841,NA,NA,NA
"1457-4756",1841,NA,NA,NA
"1457-4888",1841,NA,NA,NA
"0356-1844",1841,NA,NA,NA
"1457-442X",1841,308,"Päiviö Tommila","approximate"
"1457-4837",1841,NA,NA,NA
"1457-4845",1841,NA,NA,NA
"1457-4853",1841,NA,NA,NA
"1457-4861",1841,NA,NA,NA
"1457-4578",1841,NA,NA,NA
"1457-4799",1842,NA,NA,NA
"1457-4829",1842,NA,NA,NA
"1457-4764",1842,NA,NA,NA
"1457-4780",1842,NA,NA,NA
"1457-4772",1842,NA,NA,NA
"1457-4802",1842,417,"Päiviö Tommila","approximate"
"0785-398X",1842,506,"Päiviö Tommila","approximate"
"1457-425X",1842,NA,NA,NA
"1457-4276",1842,NA,NA,NA
"0358-6294",1842,NA,NA,NA
"1457-4306",1842,491,"Päiviö Tommila","approximate"
"1457-4314",1842,925,"Päiviö Tommila","certain"
"1457-4403",1842,NA,NA,NA
"1457-4330",1842,NA,NA,NA
"1457-4349",1842,NA,NA,NA
"1457-4365",1842,541,NA,NA
"1457-439X",1842,717,NA,NA
"1457-4411",1842,NA,NA,NA
"1457-4268",1842,NA,NA,NA
"1457-4446",1842,NA,NA,NA
"1457-4462",1842,NA,NA,NA
"1457-4454",1842,NA,NA,NA
"1457-4500",1842,NA,NA,NA
"fk01443",1842,NA,NA,NA
"1457-4373",1842,NA,NA,NA
"1457-4519",1842,NA,NA,NA
"1457-4527",1842,368,NA,NA
"1457-4535",1842,NA,NA,NA
"1457-4543",1842,NA,NA,NA
"1457-456X",1842,NA,NA,NA
"1457-4608",1842,NA,NA,NA
"1457-4586",1842,NA,NA,NA
"1457-4616",1842,NA,NA,NA
"1457-4624",1842,NA,NA,NA
"1457-4667",1842,NA,NA,NA
"1457-4683",1842,NA,NA,NA
"1457-4683",1842,NA,NA,NA
"1457-4705",1842,NA,NA,NA
"1457-473X",1842,NA,NA,NA
"1457-4748",1842,NA,NA,NA
"1457-4756",1842,NA,NA,NA
"1457-4888",1842,NA,NA,NA
"0356-1844",1842,NA,NA,NA
"1457-442X",1842,343,NA,NA
"1457-4837",1842,NA,NA,NA
"1457-4845",1842,138,"COMHIS collective","approximate"
"1457-4853",1842,NA,NA,NA
"1457-4861",1842,NA,NA,NA
"1457-4578",1842,NA,NA,NA
"1457-4799",1843,NA,NA,NA
"1457-4829",1843,NA,NA,NA
"1457-4764",1843,NA,NA,NA
"1457-4780",1843,NA,NA,NA
"1457-4772",1843,NA,NA,NA
"1457-4802",1843,435,"Päiviö Tommila","certain"
"0785-398X",1843,495,NA,NA
"1457-425X",1843,NA,NA,NA
"1457-4276",1843,NA,NA,NA
"0358-6294",1843,NA,NA,NA
"1457-4306",1843,515,NA,NA
"1457-4314",1843,905,"Päiviö Tommila","certain"
"1457-4403",1843,NA,NA,NA
"1457-4330",1843,159,NA,NA
"1457-4349",1843,NA,NA,NA
"1457-4365",1843,503,NA,NA
"1457-439X",1843,850,NA,NA
"1457-4411",1843,NA,NA,NA
"1457-4268",1843,NA,NA,NA
"1457-4446",1843,NA,NA,NA
"1457-4462",1843,NA,NA,NA
"1457-4454",1843,NA,NA,NA
"1457-4500",1843,NA,NA,NA
"fk01443",1843,NA,NA,NA
"1457-4373",1843,NA,NA,NA
"1457-4519",1843,NA,NA,NA
"1457-4527",1843,368,NA,NA
"1457-4535",1843,NA,NA,NA
"1457-4543",1843,NA,NA,NA
"1457-456X",1843,NA,NA,NA
"1457-4608",1843,NA,NA,NA
"1457-4586",1843,NA,NA,NA
"1457-4616",1843,NA,NA,NA
"1457-4624",1843,NA,NA,NA
"1457-4667",1843,NA,NA,NA
"1457-4683",1843,NA,NA,NA
"1457-4683",1843,NA,NA,NA
"1457-4705",1843,NA,NA,NA
"1457-473X",1843,NA,NA,NA
"1457-4748",1843,NA,NA,NA
"1457-4756",1843,NA,NA,NA
"1457-4888",1843,NA,NA,NA
"0356-1844",1843,NA,NA,NA
"1457-442X",1843,335,"Päiviö Tommila","certain"
"1457-4837",1843,NA,NA,NA
"1457-4845",1843,138,"COMHIS collective","approximate"
"1457-4853",1843,NA,NA,NA
"1457-4861",1843,NA,NA,NA
"1457-4578",1843,NA,NA,NA
"1457-4799",1844,NA,NA,NA
"1457-4829",1844,NA,NA,NA
"1457-4764",1844,NA,NA,NA
"1457-4780",1844,NA,NA,NA
"1457-4772",1844,NA,NA,NA
"1457-4802",1844,376,"Päiviö Tommila","certain"
"0785-398X",1844,537,"Päiviö Tommila","certain"
"1457-425X",1844,NA,NA,NA
"1457-4276",1844,NA,NA,NA
"0358-6294",1844,NA,NA,NA
"1457-4306",1844,519,"Päiviö Tommila","certain"
"1457-4314",1844,895,"Päiviö Tommila","certain"
"1457-4403",1844,NA,NA,NA
"1457-4330",1844,NA,NA,NA
"1457-4349",1844,NA,NA,NA
"1457-4365",1844,506,NA,NA
"1457-439X",1844,902,NA,NA
"1457-4411",1844,NA,NA,NA
"1457-4268",1844,NA,NA,NA
"1457-4446",1844,NA,NA,NA
"1457-4462",1844,NA,NA,NA
"1457-4454",1844,NA,NA,NA
"1457-4500",1844,903,"Päiviö Tommila","certain"
"fk01443",1844,NA,NA,NA
"1457-4373",1844,NA,NA,NA
"1457-4519",1844,NA,NA,NA
"1457-4527",1844,368,NA,NA
"1457-4535",1844,NA,NA,NA
"1457-4543",1844,NA,NA,NA
"1457-456X",1844,707,NA,NA
"1457-4608",1844,NA,NA,NA
"1457-4586",1844,NA,NA,NA
"1457-4616",1844,NA,NA,NA
"1457-4624",1844,NA,NA,NA
"1457-4667",1844,NA,NA,NA
"1457-4683",1844,NA,NA,NA
"1457-4683",1844,NA,NA,NA
"1457-4705",1844,NA,NA,NA
"1457-473X",1844,NA,NA,NA
"1457-4748",1844,NA,NA,NA
"1457-4756",1844,NA,NA,NA
"1457-4888",1844,NA,NA,NA
"0356-1844",1844,NA,NA,NA
"1457-442X",1844,288,"Päiviö Tommila","certain"
"1457-4837",1844,NA,NA,NA
"1457-4845",1844,138,"COMHIS collective","approximate"
"1457-4853",1844,NA,NA,NA
"1457-4861",1844,NA,NA,NA
"1457-4578",1844,NA,NA,NA
"1457-4799",1845,NA,NA,NA
"1457-4829",1845,NA,NA,NA
"1457-4764",1845,NA,NA,NA
"1457-4780",1845,NA,NA,NA
"1457-4772",1845,NA,NA,NA
"1457-4802",1845,364,NA,NA
"0785-398X",1845,636,"Päiviö Tommila","certain"
"1457-425X",1845,NA,NA,NA
"1457-4276",1845,NA,NA,NA
"0358-6294",1845,NA,NA,NA
"1457-4306",1845,460,"Päiviö Tommila","certain"
"1457-4314",1845,881,"Päiviö Tommila","certain"
"1457-4403",1845,NA,NA,NA
"1457-4330",1845,NA,NA,NA
"1457-4349",1845,NA,NA,NA
"1457-4365",1845,NA,NA,NA
"1457-439X",1845,877,NA,NA
"1457-4411",1845,NA,NA,NA
"1457-4268",1845,NA,NA,NA
"1457-4446",1845,352,NA,NA
"1457-4462",1845,NA,NA,NA
"1457-4454",1845,NA,NA,NA
"1457-4500",1845,1048,NA,NA
"fk01443",1845,NA,NA,NA
"1457-4373",1845,511,NA,NA
"1457-4519",1845,NA,NA,NA
"1457-4527",1845,368,NA,NA
"1457-4535",1845,NA,NA,NA
"1457-4543",1845,NA,NA,NA
"1457-456X",1845,683,NA,NA
"1457-4608",1845,NA,NA,NA
"1457-4586",1845,NA,NA,NA
"1457-4616",1845,NA,NA,NA
"1457-4624",1845,NA,NA,NA
"1457-4667",1845,NA,NA,NA
"1457-4683",1845,NA,NA,NA
"1457-4683",1845,NA,NA,NA
"1457-4705",1845,NA,NA,NA
"1457-473X",1845,NA,NA,NA
"1457-4748",1845,NA,NA,NA
"1457-4756",1845,NA,NA,NA
"1457-4888",1845,NA,NA,NA
"0356-1844",1845,NA,NA,NA
"1457-442X",1845,283,NA,NA
"1457-4837",1845,NA,NA,NA
"1457-4845",1845,NA,NA,NA
"1457-4853",1845,NA,NA,NA
"1457-4861",1845,NA,NA,NA
"1457-4578",1845,NA,NA,NA
"1457-4799",1846,NA,NA,NA
"1457-4829",1846,NA,NA,NA
"1457-4764",1846,NA,NA,NA
"1457-4780",1846,NA,NA,NA
"1457-4772",1846,NA,NA,NA
"1457-4802",1846,307,"Päiviö Tommila","certain"
"0785-398X",1846,652,"Päiviö Tommila","certain"
"1457-425X",1846,NA,NA,NA
"1457-4276",1846,NA,NA,NA
"0358-6294",1846,NA,NA,NA
"1457-4306",1846,418,"Päiviö Tommila","certain"
"1457-4314",1846,893,"Päiviö Tommila","certain"
"1457-4403",1846,NA,NA,NA
"1457-4330",1846,NA,NA,NA
"1457-4349",1846,NA,NA,NA
"1457-4365",1846,NA,NA,NA
"1457-439X",1846,897,NA,NA
"1457-4411",1846,NA,NA,NA
"1457-4268",1846,NA,NA,NA
"1457-4446",1846,418,NA,NA
"1457-4462",1846,NA,NA,NA
"1457-4454",1846,NA,NA,NA
"1457-4500",1846,762,NA,NA
"fk01443",1846,NA,NA,NA
"1457-4373",1846,591,NA,NA
"1457-4519",1846,NA,NA,NA
"1457-4527",1846,368,NA,NA
"1457-4535",1846,NA,NA,NA
"1457-4543",1846,NA,NA,NA
"1457-456X",1846,685,NA,NA
"1457-4608",1846,NA,NA,NA
"1457-4586",1846,NA,NA,NA
"1457-4616",1846,NA,NA,NA
"1457-4624",1846,160,"COMHIS collective","approximate"
"1457-4667",1846,NA,NA,NA
"1457-4683",1846,NA,NA,NA
"1457-4683",1846,NA,NA,NA
"1457-4705",1846,NA,NA,NA
"1457-473X",1846,NA,NA,NA
"1457-4748",1846,NA,NA,NA
"1457-4756",1846,NA,NA,NA
"1457-4888",1846,NA,NA,NA
"0356-1844",1846,NA,NA,NA
"1457-442X",1846,298,"Päiviö Tommila","certain"
"1457-4837",1846,NA,NA,NA
"1457-4845",1846,NA,NA,NA
"1457-4853",1846,NA,NA,NA
"1457-4861",1846,NA,NA,NA
"1457-4578",1846,NA,NA,NA
"1457-4799",1847,NA,NA,NA
"1457-4829",1847,NA,NA,NA
"1457-4764",1847,NA,NA,NA
"1457-4780",1847,NA,NA,NA
"1457-4772",1847,NA,NA,NA
"1457-4802",1847,327,"Päiviö Tommila","approximate"
"0785-398X",1847,726,"Päiviö Tommila","certain"
"1457-425X",1847,NA,NA,NA
"1457-4276",1847,NA,NA,NA
"0358-6294",1847,NA,NA,NA
"1457-4306",1847,293,"Päiviö Tommila","approximate"
"1457-4314",1847,893,"Päiviö Tommila","certain"
"1457-4403",1847,NA,NA,NA
"1457-4330",1847,NA,NA,NA
"1457-4349",1847,NA,NA,NA
"1457-4365",1847,NA,NA,NA
"1457-439X",1847,933,NA,NA
"1457-4411",1847,NA,NA,NA
"1457-4268",1847,NA,NA,NA
"1457-4446",1847,350,"Päiviö Tommila","certain"
"1457-4462",1847,NA,NA,NA
"1457-4454",1847,NA,NA,NA
"1457-4500",1847,620,NA,NA
"fk01443",1847,NA,NA,NA
"1457-4373",1847,591,NA,NA
"1457-4519",1847,NA,NA,NA
"1457-4527",1847,368,NA,NA
"1457-4535",1847,NA,NA,NA
"1457-4543",1847,NA,NA,NA
"1457-456X",1847,NA,NA,NA
"1457-4608",1847,NA,NA,NA
"1457-4586",1847,NA,NA,NA
"1457-4616",1847,NA,NA,NA
"1457-4624",1847,NA,NA,NA
"1457-4667",1847,NA,NA,NA
"1457-4683",1847,NA,NA,NA
"1457-4683",1847,NA,NA,NA
"1457-4705",1847,258,NA,NA
"1457-473X",1847,168,NA,NA
"1457-4748",1847,NA,NA,NA
"1457-4756",1847,NA,NA,NA
"1457-4888",1847,NA,NA,NA
"0356-1844",1847,NA,NA,NA
"1457-442X",1847,258,"Päiviö Tommila","approximate"
"1457-4837",1847,NA,NA,NA
"1457-4845",1847,NA,NA,NA
"1457-4853",1847,NA,NA,NA
"1457-4861",1847,NA,NA,NA
"1457-4578",1847,NA,NA,NA
"1457-4799",1848,NA,NA,NA
"1457-4829",1848,NA,NA,NA
"1457-4764",1848,NA,NA,NA
"1457-4780",1848,NA,NA,NA
"1457-4772",1848,NA,NA,NA
"1457-4802",1848,511,"Päiviö Tommila","certain"
"0785-398X",1848,716,"Päiviö Tommila","approximate"
"1457-425X",1848,NA,NA,NA
"1457-4276",1848,NA,NA,NA
"0358-6294",1848,NA,NA,NA
"1457-4306",1848,320,NA,NA
"1457-4314",1848,974,"Päiviö Tommila","certain"
"1457-4403",1848,NA,NA,NA
"1457-4330",1848,NA,NA,NA
"1457-4349",1848,NA,NA,NA
"1457-4365",1848,NA,NA,NA
"1457-439X",1848,1002,NA,NA
"1457-4411",1848,395,NA,NA
"1457-4268",1848,NA,NA,NA
"1457-4446",1848,NA,NA,NA
"1457-4462",1848,NA,NA,NA
"1457-4454",1848,NA,NA,NA
"1457-4500",1848,647,NA,NA
"fk01443",1848,NA,NA,NA
"1457-4373",1848,484,NA,NA
"1457-4519",1848,NA,NA,NA
"1457-4527",1848,368,NA,NA
"1457-4535",1848,NA,NA,NA
"1457-4543",1848,NA,NA,NA
"1457-456X",1848,NA,NA,NA
"1457-4608",1848,NA,NA,NA
"1457-4586",1848,NA,NA,NA
"1457-4616",1848,NA,NA,NA
"1457-4624",1848,NA,NA,NA
"1457-4667",1848,NA,NA,NA
"1457-4683",1848,NA,NA,NA
"1457-4683",1848,NA,NA,NA
"1457-4705",1848,234,"Päiviö Tommila","certain"
"1457-473X",1848,85,NA,NA
"1457-4748",1848,NA,NA,NA
"1457-4756",1848,NA,NA,NA
"1457-4888",1848,NA,NA,NA
"0356-1844",1848,NA,NA,NA
"1457-442X",1848,NA,NA,NA
"1457-4837",1848,NA,NA,NA
"1457-4845",1848,138,"COMHIS collective","approximate"
"1457-4853",1848,NA,NA,NA
"1457-4861",1848,NA,NA,NA
"1457-4578",1848,NA,NA,NA
"1457-4799",1849,NA,NA,NA
"1457-4829",1849,NA,NA,NA
"1457-4764",1849,NA,NA,NA
"1457-4780",1849,NA,NA,NA
"1457-4772",1849,NA,NA,NA
"1457-4802",1849,491,"Päiviö Tommila","certain"
"0785-398X",1849,784,"Päiviö Tommila","certain"
"1457-425X",1849,NA,NA,NA
"1457-4276",1849,NA,NA,NA
"0358-6294",1849,NA,NA,NA
"1457-4306",1849,305,"Päiviö Tommila","certain"
"1457-4314",1849,997,"Päiviö Tommila","certain"
"1457-4403",1849,NA,NA,NA
"1457-4330",1849,NA,NA,NA
"1457-4349",1849,NA,NA,NA
"1457-4365",1849,NA,NA,NA
"1457-439X",1849,1086,NA,NA
"1457-4411",1849,349,"Päiviö Tommila","approximate"
"1457-4268",1849,NA,NA,NA
"1457-4446",1849,NA,NA,NA
"1457-4462",1849,NA,NA,NA
"1457-4454",1849,NA,NA,NA
"1457-4500",1849,592,NA,NA
"fk01443",1849,NA,NA,NA
"1457-4373",1849,326,NA,NA
"1457-4519",1849,NA,NA,NA
"1457-4527",1849,368,NA,NA
"1457-4535",1849,NA,NA,NA
"1457-4543",1849,NA,NA,NA
"1457-456X",1849,NA,NA,NA
"1457-4608",1849,NA,NA,NA
"1457-4586",1849,NA,NA,NA
"1457-4616",1849,NA,NA,NA
"1457-4624",1849,NA,NA,NA
"1457-4667",1849,NA,NA,NA
"1457-4683",1849,NA,NA,NA
"1457-4683",1849,NA,NA,NA
"1457-4705",1849,320,"Päiviö Tommila","certain"
"1457-473X",1849,45,"COMHIS collective","approximate"
"1457-4748",1849,NA,NA,NA
"1457-4756",1849,NA,NA,NA
"1457-4888",1849,NA,NA,NA
"0356-1844",1849,NA,NA,NA
"1457-442X",1849,NA,NA,NA
"1457-4837",1849,NA,NA,NA
"1457-4845",1849,NA,NA,NA
"1457-4853",1849,NA,NA,NA
"1457-4861",1849,NA,NA,NA
"1457-4578",1849,NA,NA,NA
"1457-4799",1850,NA,NA,NA
"1457-4829",1850,NA,NA,NA
"1457-4764",1850,NA,NA,NA
"1457-4780",1850,NA,NA,NA
"1457-4772",1850,NA,NA,NA
"1457-4802",1850,601,NA,NA
"0785-398X",1850,788,"Päiviö Tommila","certain"
"1457-425X",1850,NA,NA,NA
"1457-4276",1850,NA,NA,NA
"0358-6294",1850,NA,NA,NA
"1457-4306",1850,330,"Päiviö Tommila","certain"
"1457-4314",1850,1176,"Päiviö Tommila","certain"
"1457-4403",1850,NA,NA,NA
"1457-4330",1850,NA,NA,NA
"1457-4349",1850,NA,NA,NA
"1457-4365",1850,NA,NA,NA
"1457-439X",1850,1184,NA,NA
"1457-4411",1850,339,"Päiviö Tommila","approximate"
"1457-4268",1850,NA,NA,NA
"1457-4446",1850,NA,NA,NA
"1457-4462",1850,NA,NA,NA
"1457-4454",1850,NA,NA,NA
"1457-4500",1850,564,NA,NA
"fk01443",1850,NA,NA,NA
"1457-4373",1850,275,NA,NA
"1457-4519",1850,NA,NA,NA
"1457-4527",1850,368,NA,NA
"1457-4535",1850,NA,NA,NA
"1457-4543",1850,NA,NA,NA
"1457-456X",1850,NA,NA,NA
"1457-4608",1850,NA,NA,NA
"1457-4586",1850,NA,NA,NA
"1457-4616",1850,NA,NA,NA
"1457-4624",1850,NA,NA,NA
"1457-4667",1850,NA,NA,NA
"1457-4683",1850,NA,NA,NA
"1457-4683",1850,NA,NA,NA
"1457-4705",1850,410,NA,NA
"1457-473X",1850,NA,NA,NA
"1457-4748",1850,NA,NA,NA
"1457-4756",1850,NA,NA,NA
"1457-4888",1850,NA,NA,NA
"0356-1844",1850,NA,NA,NA
"1457-442X",1850,NA,NA,NA
"1457-4837",1850,NA,NA,NA
"1457-4845",1850,NA,NA,NA
"1457-4853",1850,NA,NA,NA
"1457-4861",1850,NA,NA,NA
"1457-4578",1850,NA,NA,NA
"1457-4799",1851,NA,NA,NA
"1457-4829",1851,NA,NA,NA
"1457-4764",1851,NA,NA,NA
"1457-4780",1851,NA,NA,NA
"1457-4772",1851,NA,NA,NA
"1457-4802",1851,623,"Päiviö Tommila","certain"
"0785-398X",1851,690,"Päiviö Tommila","certain"
"1457-425X",1851,NA,NA,NA
"1457-4276",1851,NA,NA,NA
"0358-6294",1851,NA,NA,NA
"1457-4306",1851,320,"Päiviö Tommila","approximate"
"1457-4314",1851,1204,"Päiviö Tommila","certain"
"1457-4403",1851,NA,NA,NA
"1457-4330",1851,NA,NA,NA
"1457-4349",1851,NA,NA,NA
"1457-4365",1851,NA,NA,NA
"1457-439X",1851,1179,NA,NA
"1457-4411",1851,295,"Päiviö Tommila","approximate"
"1457-4268",1851,NA,NA,NA
"1457-4446",1851,NA,NA,NA
"1457-4462",1851,NA,NA,NA
"1457-4454",1851,115,"COMHIS collective","approximate"
"1457-4500",1851,389,NA,NA
"fk01443",1851,NA,NA,NA
"1457-4373",1851,248,NA,NA
"1457-4519",1851,NA,NA,NA
"1457-4527",1851,368,NA,NA
"1457-4535",1851,NA,NA,NA
"1457-4543",1851,NA,NA,NA
"1457-456X",1851,NA,NA,NA
"1457-4608",1851,NA,NA,NA
"1457-4586",1851,NA,NA,NA
"1457-4616",1851,631,"Päiviö Tommila","certain"
"1457-4624",1851,NA,NA,NA
"1457-4667",1851,NA,NA,NA
"1457-4683",1851,NA,NA,NA
"1457-4683",1851,NA,NA,NA
"1457-4705",1851,95,"Päiviö Tommila","certain"
"1457-473X",1851,NA,NA,NA
"1457-4748",1851,NA,NA,NA
"1457-4756",1851,NA,NA,NA
"1457-4888",1851,NA,NA,NA
"0356-1844",1851,NA,NA,NA
"1457-442X",1851,NA,NA,NA
"1457-4837",1851,NA,NA,NA
"1457-4845",1851,NA,NA,NA
"1457-4853",1851,NA,NA,NA
"1457-4861",1851,NA,NA,NA
"1457-4578",1851,NA,NA,NA
"1457-4799",1852,NA,NA,NA
"1457-4829",1852,NA,NA,NA
"1457-4764",1852,NA,NA,NA
"1457-4780",1852,NA,NA,NA
"1457-4772",1852,NA,NA,NA
"1457-4802",1852,527,"Päiviö Tommila","certain"
"0785-398X",1852,828,"Päiviö Tommila","certain"
"1457-425X",1852,NA,NA,NA
"1457-4276",1852,NA,NA,NA
"0358-6294",1852,NA,NA,NA
"1457-4306",1852,317,"Päiviö Tommila","certain"
"1457-4314",1852,1279,"Päiviö Tommila","certain"
"1457-4403",1852,NA,NA,NA
"1457-4330",1852,NA,NA,NA
"1457-4349",1852,NA,NA,NA
"1457-4365",1852,NA,NA,NA
"1457-439X",1852,1305,NA,NA
"1457-4411",1852,255,NA,NA
"1457-4268",1852,NA,NA,NA
"1457-4446",1852,NA,NA,NA
"1457-4462",1852,NA,NA,NA
"1457-4454",1852,230,NA,NA
"1457-4500",1852,264,NA,NA
"fk01443",1852,NA,NA,NA
"1457-4373",1852,270,NA,NA
"1457-4519",1852,NA,NA,NA
"1457-4527",1852,368,NA,NA
"1457-4535",1852,NA,NA,NA
"1457-4543",1852,NA,NA,NA
"1457-456X",1852,NA,NA,NA
"1457-4608",1852,NA,NA,NA
"1457-4586",1852,NA,NA,NA
"1457-4616",1852,404,"Päiviö Tommila","certain"
"1457-4624",1852,NA,NA,NA
"1457-4667",1852,NA,NA,NA
"1457-4683",1852,NA,NA,NA
"1457-4683",1852,NA,NA,NA
"1457-4705",1852,248,"Päiviö Tommila","certain"
"1457-473X",1852,NA,NA,NA
"1457-4748",1852,NA,NA,NA
"1457-4756",1852,NA,NA,NA
"1457-4888",1852,NA,NA,NA
"0356-1844",1852,NA,NA,NA
"1457-442X",1852,NA,NA,NA
"1457-4837",1852,NA,NA,NA
"1457-4845",1852,NA,NA,NA
"1457-4853",1852,NA,NA,NA
"1457-4861",1852,NA,NA,NA
"1457-4578",1852,NA,NA,NA
"1457-4799",1853,NA,NA,NA
"1457-4829",1853,NA,NA,NA
"1457-4764",1853,NA,NA,NA
"1457-4780",1853,NA,NA,NA
"1457-4772",1853,NA,NA,NA
"1457-4802",1853,538,"Päiviö Tommila","certain"
"0785-398X",1853,883,NA,NA
"1457-425X",1853,NA,NA,NA
"1457-4276",1853,NA,NA,NA
"0358-6294",1853,NA,NA,NA
"1457-4306",1853,281,NA,NA
"1457-4314",1853,1366,"Päiviö Tommila","certain"
"1457-4403",1853,NA,NA,NA
"1457-4330",1853,NA,NA,NA
"1457-4349",1853,160,"COMHIS collective","approximate"
"1457-4365",1853,NA,NA,NA
"1457-439X",1853,1506,NA,NA
"1457-4411",1853,NA,NA,NA
"1457-4268",1853,NA,NA,NA
"1457-4446",1853,NA,NA,NA
"1457-4462",1853,NA,NA,NA
"1457-4454",1853,200,NA,NA
"1457-4500",1853,270,NA,NA
"fk01443",1853,NA,NA,NA
"1457-4373",1853,274,NA,NA
"1457-4519",1853,NA,NA,NA
"1457-4527",1853,400,NA,NA
"1457-4535",1853,NA,NA,NA
"1457-4543",1853,NA,NA,NA
"1457-456X",1853,NA,NA,NA
"1457-4608",1853,NA,NA,NA
"1457-4586",1853,NA,NA,NA
"1457-4616",1853,623,NA,NA
"1457-4624",1853,NA,NA,NA
"1457-4667",1853,NA,NA,NA
"1457-4683",1853,NA,NA,NA
"1457-4683",1853,NA,NA,NA
"1457-4705",1853,630,"Päiviö Tommila","certain"
"1457-473X",1853,NA,NA,NA
"1457-4748",1853,NA,NA,NA
"1457-4756",1853,NA,NA,NA
"1457-4888",1853,NA,NA,NA
"0356-1844",1853,NA,NA,NA
"1457-442X",1853,NA,NA,NA
"1457-4837",1853,NA,NA,NA
"1457-4845",1853,NA,NA,NA
"1457-4853",1853,NA,NA,NA
"1457-4861",1853,NA,NA,NA
"1457-4578",1853,NA,NA,NA
"1457-4799",1854,NA,NA,NA
"1457-4829",1854,NA,NA,NA
"1457-4764",1854,NA,NA,NA
"1457-4780",1854,NA,NA,NA
"1457-4772",1854,NA,NA,NA
"1457-4802",1854,465,"Päiviö Tommila","certain"
"0785-398X",1854,1015,"Päiviö Tommila","approximate"
"1457-425X",1854,NA,NA,NA
"1457-4276",1854,NA,NA,NA
"0358-6294",1854,NA,NA,NA
"1457-4306",1854,270,"Päiviö Tommila","approximate"
"1457-4314",1854,1547,"Päiviö Tommila","certain"
"1457-4403",1854,NA,NA,NA
"1457-4330",1854,NA,NA,NA
"1457-4349",1854,160,"COMHIS collective","approximate"
"1457-4365",1854,NA,NA,NA
"1457-439X",1854,1581,NA,NA
"1457-4411",1854,155,NA,NA
"1457-4268",1854,NA,NA,NA
"1457-4446",1854,NA,NA,NA
"1457-4462",1854,NA,NA,NA
"1457-4454",1854,161,"Päiviö Tommila","certain"
"1457-4500",1854,226,NA,NA
"fk01443",1854,NA,NA,NA
"1457-4373",1854,699,NA,NA
"1457-4519",1854,NA,NA,NA
"1457-4527",1854,400,NA,NA
"1457-4535",1854,NA,NA,NA
"1457-4543",1854,NA,NA,NA
"1457-456X",1854,NA,NA,NA
"1457-4608",1854,NA,NA,NA
"1457-4586",1854,NA,NA,NA
"1457-4616",1854,955,"Päiviö Tommila","certain"
"1457-4624",1854,NA,NA,NA
"1457-4667",1854,NA,NA,NA
"1457-4683",1854,NA,NA,NA
"1457-4683",1854,NA,NA,NA
"1457-4705",1854,1371,"Päiviö Tommila","certain"
"1457-473X",1854,NA,NA,NA
"1457-4748",1854,NA,NA,NA
"1457-4756",1854,NA,NA,NA
"1457-4888",1854,NA,NA,NA
"0356-1844",1854,NA,NA,NA
"1457-442X",1854,NA,NA,NA
"1457-4837",1854,NA,NA,NA
"1457-4845",1854,NA,NA,NA
"1457-4853",1854,274,NA,NA
"1457-4861",1854,NA,NA,NA
"1457-4578",1854,NA,NA,NA
"1457-4799",1855,NA,NA,NA
"1457-4829",1855,NA,NA,NA
"1457-4764",1855,NA,NA,NA
"1457-4780",1855,NA,NA,NA
"1457-4772",1855,NA,NA,NA
"1457-4802",1855,499,NA,NA
"0785-398X",1855,1148,"Päiviö Tommila","certain"
"1457-425X",1855,NA,NA,NA
"1457-4276",1855,NA,NA,NA
"0358-6294",1855,NA,NA,NA
"1457-4306",1855,203,"Päiviö Tommila","certain"
"1457-4314",1855,1824,"Päiviö Tommila","certain"
"1457-4403",1855,NA,NA,NA
"1457-4330",1855,NA,NA,NA
"1457-4349",1855,160,"COMHIS collective","approximate"
"1457-4365",1855,NA,NA,NA
"1457-439X",1855,1786,NA,NA
"1457-4411",1855,155,"COMHIS collective","approximate"
"1457-4268",1855,NA,NA,NA
"1457-4446",1855,NA,NA,NA
"1457-4462",1855,NA,NA,NA
"1457-4454",1855,161,"COMHIS collective","approximate"
"1457-4500",1855,120,NA,NA
"fk01443",1855,NA,NA,NA
"1457-4373",1855,725,NA,NA
"1457-4519",1855,NA,NA,NA
"1457-4527",1855,400,NA,NA
"1457-4535",1855,NA,NA,NA
"1457-4543",1855,NA,NA,NA
"1457-456X",1855,NA,NA,NA
"1457-4608",1855,NA,NA,NA
"1457-4586",1855,NA,NA,NA
"1457-4616",1855,1233,"Päiviö Tommila","certain"
"1457-4624",1855,NA,NA,NA
"1457-4667",1855,NA,NA,NA
"1457-4683",1855,NA,NA,NA
"1457-4683",1855,NA,NA,NA
"1457-4705",1855,3863,"Päiviö Tommila","certain"
"1457-473X",1855,NA,NA,NA
"1457-4748",1855,NA,NA,NA
"1457-4756",1855,NA,NA,NA
"1457-4888",1855,NA,NA,NA
"0356-1844",1855,NA,NA,NA
"1457-442X",1855,NA,NA,NA
"1457-4837",1855,525,NA,NA
"1457-4845",1855,NA,NA,NA
"1457-4853",1855,137,"COMHIS collective","approximate"
"1457-4861",1855,NA,NA,NA
"1457-4578",1855,NA,NA,NA
"1457-4799",1856,NA,NA,NA
"1457-4829",1856,NA,NA,NA
"1457-4764",1856,NA,NA,NA
"1457-4780",1856,NA,NA,NA
"1457-4772",1856,NA,NA,NA
"1457-4802",1856,500,"Päiviö Tommila","approximate"
"0785-398X",1856,1099,"Päiviö Tommila","certain"
"1457-425X",1856,NA,NA,NA
"1457-4276",1856,NA,NA,NA
"0358-6294",1856,NA,NA,NA
"1457-4306",1856,195,"Päiviö Tommila","certain"
"1457-4314",1856,1858,"Päiviö Tommila","certain"
"1457-4403",1856,NA,NA,NA
"1457-4330",1856,NA,NA,NA
"1457-4349",1856,NA,NA,NA
"1457-4365",1856,NA,NA,NA
"1457-439X",1856,1927,NA,NA
"1457-4411",1856,NA,NA,NA
"1457-4268",1856,NA,NA,NA
"1457-4446",1856,NA,NA,NA
"1457-4462",1856,NA,NA,NA
"1457-4454",1856,161,"COMHIS collective","approximate"
"1457-4500",1856,NA,NA,NA
"fk01443",1856,NA,NA,NA
"1457-4373",1856,NA,NA,NA
"1457-4519",1856,NA,NA,NA
"1457-4527",1856,400,NA,NA
"1457-4535",1856,NA,NA,NA
"1457-4543",1856,NA,NA,NA
"1457-456X",1856,NA,NA,NA
"1457-4608",1856,436,NA,NA
"1457-4586",1856,NA,NA,NA
"1457-4616",1856,1803,"Päiviö Tommila","certain"
"1457-4624",1856,NA,NA,NA
"1457-4667",1856,NA,NA,NA
"1457-4683",1856,NA,NA,NA
"1457-4683",1856,NA,NA,NA
"1457-4705",1856,4600,"Päiviö Tommila","certain"
"1457-473X",1856,NA,NA,NA
"1457-4748",1856,NA,NA,NA
"1457-4756",1856,NA,NA,NA
"1457-4888",1856,NA,NA,NA
"0356-1844",1856,155,"COMHIS collective","approximate"
"1457-442X",1856,NA,NA,NA
"1457-4837",1856,1409,NA,NA
"1457-4845",1856,NA,NA,NA
"1457-4853",1856,NA,NA,NA
"1457-4861",1856,NA,NA,NA
"1457-4578",1856,NA,NA,NA
"1457-4799",1857,NA,NA,NA
"1457-4829",1857,NA,NA,NA
"1457-4764",1857,NA,NA,NA
"1457-4780",1857,NA,NA,NA
"1457-4772",1857,NA,NA,NA
"1457-4802",1857,508,"Päiviö Tommila","certain"
"0785-398X",1857,1040,"Päiviö Tommila","certain"
"1457-425X",1857,NA,NA,NA
"1457-4276",1857,NA,NA,NA
"0358-6294",1857,NA,NA,NA
"1457-4306",1857,196,NA,NA
"1457-4314",1857,1644,"Päiviö Tommila","certain"
"1457-4403",1857,NA,NA,NA
"1457-4330",1857,NA,NA,NA
"1457-4349",1857,NA,NA,NA
"1457-4365",1857,NA,NA,NA
"1457-439X",1857,2012,NA,NA
"1457-4411",1857,NA,NA,NA
"1457-4268",1857,NA,NA,NA
"1457-4446",1857,NA,NA,NA
"1457-4462",1857,160,"COMHIS collective","approximate"
"1457-4454",1857,NA,NA,NA
"1457-4500",1857,NA,NA,NA
"fk01443",1857,NA,NA,NA
"1457-4373",1857,NA,NA,NA
"1457-4519",1857,NA,NA,NA
"1457-4527",1857,278,NA,NA
"1457-4535",1857,NA,NA,NA
"1457-4543",1857,NA,NA,NA
"1457-456X",1857,NA,NA,NA
"1457-4608",1857,491,NA,NA
"1457-4586",1857,NA,NA,NA
"1457-4616",1857,1137,"Päiviö Tommila","certain"
"1457-4624",1857,NA,NA,NA
"1457-4667",1857,2692,"Päiviö Tommila","certain"
"1457-4683",1857,NA,NA,NA
"1457-4683",1857,NA,NA,NA
"1457-4705",1857,1628,"Päiviö Tommila","certain"
"1457-473X",1857,NA,NA,NA
"1457-4748",1857,NA,NA,NA
"1457-4756",1857,NA,NA,NA
"1457-4888",1857,NA,NA,NA
"0356-1844",1857,155,"COMHIS collective","approximate"
"1457-442X",1857,NA,NA,NA
"1457-4837",1857,1486,NA,NA
"1457-4845",1857,NA,NA,NA
"1457-4853",1857,NA,NA,NA
"1457-4861",1857,NA,NA,NA
"1457-4578",1857,NA,NA,NA
"1457-4799",1858,NA,NA,NA
"1457-4829",1858,NA,NA,NA
"1457-4764",1858,NA,NA,NA
"1457-4780",1858,NA,NA,NA
"1457-4772",1858,NA,NA,NA
"1457-4802",1858,513,"Päiviö Tommila","certain"
"0785-398X",1858,1131,"Päiviö Tommila","certain"
"1457-425X",1858,27,"COMHIS collective","approximate"
"1457-4276",1858,NA,NA,NA
"0358-6294",1858,NA,NA,NA
"1457-4306",1858,196,"COMHIS collective","approximate"
"1457-4314",1858,1557,"Päiviö Tommila","certain"
"1457-4403",1858,719,NA,NA
"1457-4330",1858,NA,NA,NA
"1457-4349",1858,NA,NA,NA
"1457-4365",1858,NA,NA,NA
"1457-439X",1858,2090,NA,NA
"1457-4411",1858,NA,NA,NA
"1457-4268",1858,NA,NA,NA
"1457-4446",1858,NA,NA,NA
"1457-4462",1858,NA,NA,NA
"1457-4454",1858,NA,NA,NA
"1457-4500",1858,NA,NA,NA
"fk01443",1858,NA,NA,NA
"1457-4373",1858,NA,NA,NA
"1457-4519",1858,NA,NA,NA
"1457-4527",1858,604,NA,NA
"1457-4535",1858,NA,NA,NA
"1457-4543",1858,NA,NA,NA
"1457-456X",1858,NA,NA,NA
"1457-4608",1858,525,NA,NA
"1457-4586",1858,NA,NA,NA
"1457-4616",1858,1126,"Päiviö Tommila","certain"
"1457-4624",1858,NA,NA,NA
"1457-4667",1858,591,"Päiviö Tommila","certain"
"1457-4683",1858,NA,NA,NA
"1457-4683",1858,NA,NA,NA
"1457-4705",1858,1660,"Päiviö Tommila","certain"
"1457-473X",1858,NA,NA,NA
"1457-4748",1858,NA,NA,NA
"1457-4756",1858,NA,NA,NA
"1457-4888",1858,NA,NA,NA
"0356-1844",1858,280,NA,NA
"1457-442X",1858,NA,NA,NA
"1457-4837",1858,1131,NA,NA
"1457-4845",1858,NA,NA,NA
"1457-4853",1858,NA,NA,NA
"1457-4861",1858,NA,NA,NA
"1457-4578",1858,NA,NA,NA
"1457-4799",1859,NA,NA,NA
"1457-4829",1859,NA,NA,NA
"1457-4764",1859,NA,NA,NA
"1457-4780",1859,NA,NA,NA
"1457-4772",1859,NA,NA,NA
"1457-4802",1859,536,"Päiviö Tommila","approximate"
"0785-398X",1859,1279,"Päiviö Tommila","certain"
"1457-425X",1859,27,"Päiviö Tommila","partial"
"1457-4276",1859,NA,NA,NA
"0358-6294",1859,NA,NA,NA
"1457-4306",1859,NA,NA,NA
"1457-4314",1859,1433,"Päiviö Tommila","certain"
"1457-4403",1859,657,NA,NA
"1457-4330",1859,NA,NA,NA
"1457-4349",1859,NA,NA,NA
"1457-4365",1859,NA,NA,NA
"1457-439X",1859,2273,NA,NA
"1457-4411",1859,NA,NA,NA
"1457-4268",1859,160,"COMHIS collective","approximate"
"1457-4446",1859,NA,NA,NA
"1457-4462",1859,NA,NA,NA
"1457-4454",1859,NA,NA,NA
"1457-4500",1859,NA,NA,NA
"fk01443",1859,445,"Päiviö Tommila","certain"
"1457-4373",1859,NA,NA,NA
"1457-4519",1859,NA,NA,NA
"1457-4527",1859,608,NA,NA
"1457-4535",1859,945,NA,NA
"1457-4543",1859,NA,NA,NA
"1457-456X",1859,NA,NA,NA
"1457-4608",1859,NA,NA,NA
"1457-4586",1859,NA,NA,NA
"1457-4616",1859,1058,"Päiviö Tommila","certain"
"1457-4624",1859,NA,NA,NA
"1457-4667",1859,529,"Päiviö Tommila","certain"
"1457-4683",1859,NA,NA,NA
"1457-4683",1859,NA,NA,NA
"1457-4705",1859,1727,"Päiviö Tommila","certain"
"1457-473X",1859,NA,NA,NA
"1457-4748",1859,NA,NA,NA
"1457-4756",1859,NA,NA,NA
"1457-4888",1859,NA,NA,NA
"0356-1844",1859,216,"COMHIS collective","approximate"
"1457-442X",1859,NA,NA,NA
"1457-4837",1859,976,NA,NA
"1457-4845",1859,NA,NA,NA
"1457-4853",1859,NA,NA,NA
"1457-4861",1859,NA,NA,NA
"1457-4578",1859,NA,NA,NA
"1457-4799",1860,NA,NA,NA
"1457-4829",1860,NA,NA,NA
"1457-4764",1860,NA,NA,NA
"1457-4780",1860,NA,NA,NA
"1457-4772",1860,NA,NA,NA
"1457-4802",1860,328,NA,NA
"0785-398X",1860,1344,"Päiviö Tommila","certain"
"1457-425X",1860,NA,NA,NA
"1457-4276",1860,309,"Päiviö Tommila","certain"
"0358-6294",1860,NA,NA,NA
"1457-4306",1860,NA,NA,NA
"1457-4314",1860,1423,"Päiviö Tommila","certain"
"1457-4403",1860,486,NA,NA
"1457-4330",1860,NA,NA,NA
"1457-4349",1860,NA,NA,NA
"1457-4365",1860,NA,NA,NA
"1457-439X",1860,2356,NA,NA
"1457-4411",1860,NA,NA,NA
"1457-4268",1860,160,"COMHIS collective","approximate"
"1457-4446",1860,NA,NA,NA
"1457-4462",1860,NA,NA,NA
"1457-4454",1860,NA,NA,NA
"1457-4500",1860,NA,NA,NA
"fk01443",1860,279,"Päiviö Tommila","certain"
"1457-4373",1860,NA,NA,NA
"1457-4519",1860,600,NA,NA
"1457-4527",1860,622,NA,NA
"1457-4535",1860,634,NA,NA
"1457-4543",1860,374,"Päiviö Tommila","certain"
"1457-456X",1860,NA,NA,NA
"1457-4608",1860,NA,NA,NA
"1457-4586",1860,NA,NA,NA
"1457-4616",1860,1195,NA,NA
"1457-4624",1860,NA,NA,NA
"1457-4667",1860,526,"Päiviö Tommila","certain"
"1457-4683",1860,NA,NA,NA
"1457-4683",1860,NA,NA,NA
"1457-4705",1860,1240,NA,NA
"1457-473X",1860,NA,NA,NA
"1457-4748",1860,NA,NA,NA
"1457-4756",1860,NA,NA,NA
"1457-4888",1860,NA,NA,NA
"0356-1844",1860,153,"Päiviö Tommila","partial"
"1457-442X",1860,NA,NA,NA
"1457-4837",1860,667,NA,NA
"1457-4845",1860,NA,NA,NA
"1457-4853",1860,NA,NA,NA
"1457-4861",1860,NA,NA,NA
"1457-4578",1860,NA,NA,NA
